homeid,year_month,split,consumo_kwh,uso_horario_pico,cantidad_equipos,tipo_inmueble,horas_alto_consumo,percentile_consumo,percentile_equipos,peak_component,high_hours_component,score,categoria,month_coverage,peak_coverage,peak_energy_share,complete_day_ratio,observed_kwh,source_member,category_method_version,sample_flag
47,2016-09,test,115.546342,True,6,Departamento,1,0.10887096774193548,0.15873015873015872,1.0,0.08333333333333333,0.2857590885816692,Eficiente,0.976492,0.979708,0.323324,0.9,112.830111,sensordata/home47_hall654_sensor1216c1220_electric-mains_electric-combined.csv.gz,ideal-relative-v1,False
47,2017-04,test,138.518068,True,6,Departamento,2,0.1814516129032258,0.15873015873015872,1.0,0.16666666666666666,0.3418074756784435,Eficiente,0.95196,0.970185,0.318521,0.866667,131.863697,sensordata/home47_hall654_sensor1216c1220_electric-mains_electric-combined.csv.gz,ideal-relative-v1,False
59,2016-12,train,231.323349,True,6,Departamento,3,0.5826612903225806,0.15873015873015872,1.0,0.25,0.5950332821300562,Moderado,0.970856,0.959267,0.260351,0.83871,224.5816,sensordata/home59_hall687_sensor1506c1508_electric-mains_electric-combined.csv.gz,ideal-relative-v1,False
59,2017-01,train,222.896912,True,6,Departamento,3,0.5625,0.15873015873015872,1.0,0.25,0.5829365079365079,Moderado,0.949347,0.960076,0.307836,0.83871,211.606514,sensordata/home59_hall687_sensor1506c1508_electric-mains_electric-combined.csv.gz,ideal-relative-v1,False
59,2017-02,train,190.494564,True,6,Departamento,3,0.42943548387096775,0.15873015873015872,1.0,0.25,0.5030977982590885,Moderado,0.958817,0.981741,0.312835,0.928571,182.649498,sensordata/home59_hall687_sensor1506c1508_electric-mains_electric-combined.csv.gz,ideal-relative-v1,False
59,2017-03,train,204.324798,True,6,Departamento,3,0.5060483870967742,0.15873015873015872,1.0,0.25,0.5490655401945724,Moderado,0.96579,0.980099,0.297061,0.935484,197.334916,sensordata/home59_hall687_sensor1506c1508_electric-mains_electric-combined.csv.gz,ideal-relative-v1,False
59,2017-04,train,178.796672,True,6,Departamento,2,0.3649193548387097,0.15873015873015872,1.0,0.16666666666666666,0.45188812083973373,Moderado,0.98769,0.992148,0.272527,1.0,176.595721,sensordata/home59_hall687_sensor1506c1508_electric-mains_electric-combined.csv.gz,ideal-relative-v1,False
59,2017-08,train,198.474323,True,6,Departamento,2,0.46169354838709675,0.15873015873015872,1.0,0.16666666666666666,0.5099526369687659,Moderado,0.989455,0.97778,0.288057,0.967742,196.381465,sensordata/home59_hall687_sensor1506c1508_electric-mains_electric-combined.csv.gz,ideal-relative-v1,False
59,2017-09,train,181.676059,True,6,Departamento,2,0.37701612903225806,0.15873015873015872,1.0,0.16666666666666666,0.4591461853558628,Moderado,0.989882,0.991176,0.302189,1.0,179.83778,sensordata/home59_hall687_sensor1506c1508_electric-mains_electric-combined.csv.gz,ideal-relative-v1,False
61,2016-12,train,210.051136,True,8,Casa,3,0.1885245901639344,0.15,1.0,0.25,0.35811475409836063,Eficiente,0.967163,0.974516,0.298919,0.903226,203.153657,sensordata/home61_hall693_sensor1563c1569_electric-mains_electric-combined.csv.gz,ideal-relative-v1,False
61,2017-01,train,206.793583,True,8,Casa,3,0.1830601092896175,0.15,1.0,0.25,0.3548360655737705,Eficiente,0.929748,0.955952,0.340608,0.903226,192.265917,sensordata/home61_hall693_sensor1563c1569_electric-mains_electric-combined.csv.gz,ideal-relative-v1,False
61,2017-04,train,148.871679,True,8,Casa,2,0.05191256830601093,0.15,1.0,0.16666666666666666,0.2636475409836066,Eficiente,0.92166,0.92819,0.304905,0.866667,137.209087,sensordata/home61_hall693_sensor1563c1569_electric-mains_electric-combined.csv.gz,ideal-relative-v1,False
61,2017-05,train,140.883011,True,8,Casa,1,0.03551912568306011,0.15,1.0,0.08333333333333333,0.2413114754098361,Eficiente,0.963752,0.97987,0.316209,0.967742,135.776317,sensordata/home61_hall693_sensor1563c1569_electric-mains_electric-combined.csv.gz,ideal-relative-v1,False
61,2017-06,train,112.726116,False,8,Casa,1,0.00819672131147541,0.15,0.0,0.08333333333333333,0.024918032786885244,Eficiente,0.925596,0.938174,0.187483,0.9,104.33885,sensordata/home61_hall693_sensor1563c1569_electric-mains_electric-combined.csv.gz,ideal-relative-v1,False
61,2017-07,train,176.065091,True,8,Casa,2,0.10655737704918032,0.15,1.0,0.16666666666666666,0.2964344262295082,Eficiente,0.972949,0.972043,0.283229,1.0,171.302314,sensordata/home61_hall693_sensor1563c1569_electric-mains_electric-combined.csv.gz,ideal-relative-v1,False
62,2016-09,train,148.071899,False,8,Departamento,2,0.2318548387096774,0.38095238095238093,0.0,0.16666666666666666,0.1831605222734255,Eficiente,0.976543,0.983345,0.247048,0.966667,144.598551,sensordata/home62_hall705_sensor1662c1666_electric-mains_electric-combined.csv.gz,ideal-relative-v1,False
62,2016-10,train,187.215108,False,8,Departamento,2,0.40524193548387094,0.38095238095238093,0.0,0.16666666666666666,0.2871927803379416,Eficiente,0.942797,0.980361,0.218615,0.903226,176.505874,sensordata/home62_hall705_sensor1662c1666_electric-mains_electric-combined.csv.gz,ideal-relative-v1,False
62,2016-11,train,152.826099,False,8,Departamento,2,0.25201612903225806,0.38095238095238093,0.0,0.16666666666666666,0.19525729646697387,Eficiente,0.948635,0.955512,0.217389,0.9,144.976191,sensordata/home62_hall705_sensor1662c1666_electric-mains_electric-combined.csv.gz,ideal-relative-v1,False
62,2016-12,train,149.49863,False,8,Departamento,2,0.2439516129032258,0.38095238095238093,0.0,0.16666666666666666,0.19041858678955453,Eficiente,0.963294,0.961543,0.23634,0.935484,144.011152,sensordata/home62_hall705_sensor1662c1666_electric-mains_electric-combined.csv.gz,ideal-relative-v1,False
62,2017-01,train,192.521083,True,8,Departamento,2,0.4415322580645161,0.38095238095238093,1.0,0.16666666666666666,0.5089669738863287,Moderado,0.902482,0.926552,0.255664,0.806452,173.746827,sensordata/home62_hall705_sensor1662c1666_electric-mains_electric-combined.csv.gz,ideal-relative-v1,False
62,2017-02,train,166.739888,False,8,Departamento,2,0.3084677419354839,0.38095238095238093,0.0,0.16666666666666666,0.22912826420890936,Eficiente,0.917663,0.948043,0.239617,0.857143,153.011003,sensordata/home62_hall705_sensor1662c1666_electric-mains_electric-combined.csv.gz,ideal-relative-v1,False
62,2017-03,train,180.061009,False,8,Departamento,2,0.3689516129032258,0.38095238095238093,0.0,0.16666666666666666,0.26541858678955454,Eficiente,0.941744,0.955896,0.246398,0.903226,169.571385,sensordata/home62_hall705_sensor1662c1666_electric-mains_electric-combined.csv.gz,ideal-relative-v1,False
62,2017-04,train,147.681592,False,8,Departamento,1,0.22782258064516128,0.38095238095238093,0.0,0.08333333333333333,0.16824116743471584,Eficiente,0.973028,0.963044,0.212531,0.966667,143.698291,sensordata/home62_hall705_sensor1662c1666_electric-mains_electric-combined.csv.gz,ideal-relative-v1,False
62,2017-05,train,165.12379,False,8,Departamento,2,0.3004032258064516,0.38095238095238093,0.0,0.16666666666666666,0.22428955453149002,Eficiente,0.960435,0.982133,0.223529,0.935484,158.590661,sensordata/home62_hall705_sensor1662c1666_electric-mains_electric-combined.csv.gz,ideal-relative-v1,False
62,2017-06,train,152.814784,False,8,Departamento,1,0.24798387096774194,0.38095238095238093,0.0,0.08333333333333333,0.18033794162826422,Eficiente,0.932205,0.951722,0.221547,0.9,142.454743,sensordata/home62_hall705_sensor1662c1666_electric-mains_electric-combined.csv.gz,ideal-relative-v1,False
62,2017-07,train,149.052128,False,8,Departamento,1,0.2399193548387097,0.38095238095238093,0.0,0.08333333333333333,0.17549923195084488,Eficiente,0.976278,0.978322,0.235294,1.0,145.516369,sensordata/home62_hall705_sensor1662c1666_electric-mains_electric-combined.csv.gz,ideal-relative-v1,False
62,2017-08,train,132.642436,False,8,Departamento,1,0.16330645161290322,0.38095238095238093,0.0,0.08333333333333333,0.12953149001536096,Eficiente,0.973207,0.960703,0.20557,0.967742,129.088566,sensordata/home62_hall705_sensor1662c1666_electric-mains_electric-combined.csv.gz,ideal-relative-v1,False
62,2017-09,train,133.827174,True,8,Departamento,1,0.17137096774193547,0.38095238095238093,1.0,0.08333333333333333,0.33437019969278037,Eficiente,0.973339,0.975141,0.259561,1.0,130.259224,sensordata/home62_hall705_sensor1662c1666_electric-mains_electric-combined.csv.gz,ideal-relative-v1,False
62,2017-10,train,153.971458,True,8,Departamento,2,0.2560483870967742,0.38095238095238093,1.0,0.16666666666666666,0.3976766513056836,Moderado,0.922732,0.926454,0.258578,0.903226,142.074436,sensordata/home62_hall705_sensor1662c1666_electric-mains_electric-combined.csv.gz,ideal-relative-v1,False
62,2017-11,train,177.725519,True,8,Departamento,2,0.35685483870967744,0.38095238095238093,1.0,0.16666666666666666,0.4581605222734255,Moderado,0.97291,0.97559,0.253548,0.966667,172.910954,sensordata/home62_hall705_sensor1662c1666_electric-mains_electric-combined.csv.gz,ideal-relative-v1,False
62,2018-04,train,163.35892,False,8,Departamento,2,0.28830645161290325,0.38095238095238093,0.0,0.16666666666666666,0.21703149001536098,Eficiente,0.936574,0.972187,0.237468,0.9,152.997666,sensordata/home62_hall705_sensor1662c1666_electric-mains_electric-combined.csv.gz,ideal-relative-v1,False
62,2018-06,train,143.587384,False,8,Departamento,1,0.19556451612903225,0.38095238095238093,0.0,0.08333333333333333,0.14888632872503837,Eficiente,0.926425,0.948389,0.201782,0.866667,133.022909,sensordata/home62_hall705_sensor1662c1666_electric-mains_electric-combined.csv.gz,ideal-relative-v1,False
63,2016-12,train,318.591948,False,11,Casa,4,0.6584699453551912,0.45,0.0,0.3333333333333333,0.46758196721311474,Moderado,0.944798,0.945161,0.232474,0.903226,301.00492,sensordata/home63_hall722_sensor1862c1866_electric-mains_electric-combined.csv.gz,ideal-relative-v1,False
63,2017-01,train,333.796278,False,11,Casa,5,0.7568306010928961,0.45,0.0,0.4166666666666667,0.5390983606557376,Moderado,0.944792,0.958098,0.239756,0.935484,315.368067,sensordata/home63_hall722_sensor1862c1866_electric-mains_electric-combined.csv.gz,ideal-relative-v1,False
63,2017-02,train,293.989017,False,11,Casa,5,0.5382513661202186,0.45,0.0,0.4166666666666667,0.4079508196721312,Moderado,0.953339,0.992354,0.227368,0.892857,280.271109,sensordata/home63_hall722_sensor1862c1866_electric-mains_electric-combined.csv.gz,ideal-relative-v1,False
63,2017-03,train,297.139205,False,11,Casa,4,0.5437158469945356,0.45,0.0,0.3333333333333333,0.3987295081967213,Moderado,0.951684,0.976494,0.217206,0.903226,282.782586,sensordata/home63_hall722_sensor1862c1866_electric-mains_electric-combined.csv.gz,ideal-relative-v1,False
63,2017-05,train,307.895966,False,11,Casa,4,0.6038251366120219,0.45,0.0,0.3333333333333333,0.4347950819672131,Moderado,0.967171,0.960072,0.224111,0.935484,297.787956,sensordata/home63_hall722_sensor1862c1866_electric-mains_electric-combined.csv.gz,ideal-relative-v1,False
63,2017-08,train,315.317496,False,11,Casa,4,0.6475409836065574,0.45,0.0,0.3333333333333333,0.46102459016393443,Moderado,0.982973,0.975022,0.226419,0.967742,309.948599,sensordata/home63_hall722_sensor1862c1866_electric-mains_electric-combined.csv.gz,ideal-relative-v1,False
63,2017-09,train,314.248762,False,11,Casa,5,0.6311475409836066,0.45,0.0,0.4166666666666667,0.46368852459016396,Moderado,0.9834,0.990405,0.239326,1.0,309.032378,sensordata/home63_hall722_sensor1862c1866_electric-mains_electric-combined.csv.gz,ideal-relative-v1,False
63,2017-10,train,326.996839,False,11,Casa,5,0.7295081967213115,0.45,0.0,0.4166666666666667,0.5227049180327868,Moderado,0.975848,0.979707,0.205904,0.903226,319.099171,sensordata/home63_hall722_sensor1862c1866_electric-mains_electric-combined.csv.gz,ideal-relative-v1,False
63,2017-11,train,330.970988,False,11,Casa,5,0.7459016393442623,0.45,0.0,0.4166666666666667,0.5325409836065573,Moderado,0.984076,0.993833,0.190611,1.0,325.700735,sensordata/home63_hall722_sensor1862c1866_electric-mains_electric-combined.csv.gz,ideal-relative-v1,False
64,2016-11,train,234.454421,False,10,Departamento,4,0.5987903225806451,0.6190476190476191,0.0,0.3333333333333333,0.440226574500768,Moderado,0.971134,0.96587,0.239422,0.8,227.68663,sensordata/home64_hall713_sensor1810c1814_electric-mains_electric-combined.csv.gz,ideal-relative-v1,False
64,2016-12,train,283.550219,False,10,Departamento,5,0.7762096774193549,0.6190476190476191,0.0,0.4166666666666667,0.5591781874039938,Moderado,0.982006,0.978112,0.245001,0.870968,278.447924,sensordata/home64_hall713_sensor1810c1814_electric-mains_electric-combined.csv.gz,ideal-relative-v1,False
64,2017-01,train,279.929003,True,10,Departamento,6,0.7641129032258065,0.6190476190476191,1.0,0.5,0.7644201228878648,Ineficiente,0.948082,0.955948,0.265954,0.806452,265.395771,sensordata/home64_hall713_sensor1810c1814_electric-mains_electric-combined.csv.gz,ideal-relative-v1,False
64,2017-02,train,264.031301,True,10,Departamento,5,0.719758064516129,0.6190476190476191,1.0,0.4166666666666667,0.7253072196620584,Ineficiente,0.960519,0.989199,0.29783,0.928571,253.607128,sensordata/home64_hall713_sensor1810c1814_electric-mains_electric-combined.csv.gz,ideal-relative-v1,False
64,2017-03,train,282.376706,True,10,Departamento,6,0.7681451612903226,0.6190476190476191,1.0,0.5,0.7668394777265745,Ineficiente,0.962793,0.974805,0.301599,0.935484,271.870451,sensordata/home64_hall713_sensor1810c1814_electric-mains_electric-combined.csv.gz,ideal-relative-v1,False
64,2017-04,train,235.220106,True,10,Departamento,5,0.6068548387096774,0.6190476190476191,1.0,0.4166666666666667,0.6575652841781874,Ineficiente,0.977049,0.977866,0.258302,0.966667,229.821477,sensordata/home64_hall713_sensor1810c1814_electric-mains_electric-combined.csv.gz,ideal-relative-v1,False
64,2017-05,train,249.564603,True,10,Departamento,4,0.6673387096774194,0.6190476190476191,1.0,0.3333333333333333,0.6813556067588326,Ineficiente,0.978226,0.960918,0.250807,0.935484,244.130628,sensordata/home64_hall713_sensor1810c1814_electric-mains_electric-combined.csv.gz,ideal-relative-v1,False
64,2017-06,train,225.810057,False,10,Departamento,4,0.5705645161290323,0.6190476190476191,0.0,0.3333333333333333,0.4232910906298003,Moderado,0.93274,0.922868,0.229292,0.9,210.621979,sensordata/home64_hall713_sensor1810c1814_electric-mains_electric-combined.csv.gz,ideal-relative-v1,False
64,2017-10,train,271.919761,True,10,Departamento,5,0.7399193548387096,0.6190476190476191,1.0,0.4166666666666667,0.7374039938556067,Ineficiente,0.986393,0.980571,0.273871,0.935484,268.219746,sensordata/home64_hall713_sensor1810c1814_electric-mains_electric-combined.csv.gz,ideal-relative-v1,False
64,2017-11,train,263.634576,True,10,Departamento,4,0.7157258064516129,0.6190476190476191,1.0,0.3333333333333333,0.7103878648233487,Ineficiente,0.997385,0.996567,0.263451,1.0,262.945078,sensordata/home64_hall713_sensor1810c1814_electric-mains_electric-combined.csv.gz,ideal-relative-v1,False
64,2018-04,train,194.461441,True,10,Departamento,3,0.44556451612903225,0.6190476190476191,1.0,0.25,0.5357910906298003,Moderado,0.946073,0.981477,0.254282,0.9,183.974777,sensordata/home64_hall713_sensor1810c1814_electric-mains_electric-combined.csv.gz,ideal-relative-v1,False
64,2018-06,train,239.499408,True,10,Departamento,4,0.6310483870967742,0.6190476190476191,1.0,0.3333333333333333,0.6595814132104455,Ineficiente,0.940045,0.963838,0.288673,0.8,225.140162,sensordata/home64_hall713_sensor1810c1814_electric-mains_electric-combined.csv.gz,ideal-relative-v1,False
65,2017-01,test,346.91285,True,12,Casa,7,0.7868852459016393,0.58,1.0,0.5833333333333334,0.7886311475409836,Ineficiente,0.931913,0.920284,0.335323,0.806452,323.292624,sensordata/home65_hall731_sensor1910c1912_electric-mains_electric-combined.csv.gz,ideal-relative-v1,False
65,2017-04,test,297.882937,True,12,Casa,6,0.5519125683060109,0.58,1.0,0.5,0.6351475409836065,Ineficiente,0.97558,0.974333,0.279582,0.9,290.608594,sensordata/home65_hall731_sensor1910c1912_electric-mains_electric-combined.csv.gz,ideal-relative-v1,False
65,2017-05,test,262.758087,False,12,Casa,4,0.39344262295081966,0.58,0.0,0.3333333333333333,0.3150655737704918,Eficiente,0.956718,0.962686,0.242119,0.806452,251.385344,sensordata/home65_hall731_sensor1910c1912_electric-mains_electric-combined.csv.gz,ideal-relative-v1,False
65,2017-07,test,270.181264,False,12,Casa,4,0.4262295081967213,0.58,0.0,0.3333333333333333,0.3347377049180328,Eficiente,0.969602,0.960208,0.233252,0.83871,261.968294,sensordata/home65_hall731_sensor1910c1912_electric-mains_electric-combined.csv.gz,ideal-relative-v1,False
65,2017-08,test,291.77772,False,12,Casa,5,0.5300546448087432,0.58,0.0,0.4166666666666667,0.40953278688524586,Moderado,0.955943,0.947473,0.237084,0.903226,278.922789,sensordata/home65_hall731_sensor1910c1912_electric-mains_electric-combined.csv.gz,ideal-relative-v1,False
65,2017-09,test,273.584726,True,12,Casa,4,0.4426229508196721,0.58,1.0,0.3333333333333333,0.5445737704918033,Moderado,0.97386,0.964079,0.265187,0.933333,266.433209,sensordata/home65_hall731_sensor1910c1912_electric-mains_electric-combined.csv.gz,ideal-relative-v1,False
65,2017-11,test,298.745332,True,12,Casa,5,0.5573770491803278,0.58,1.0,0.4166666666666667,0.6259262295081968,Ineficiente,0.954446,0.960597,0.314597,0.833333,285.136284,sensordata/home65_hall731_sensor1910c1912_electric-mains_electric-combined.csv.gz,ideal-relative-v1,False
66,2017-04,train,155.033056,False,4,Casa,2,0.06284153005464481,0.01,0.0,0.16666666666666666,0.06320491803278688,Eficiente,0.969487,0.977282,0.20276,1.0,150.302514,sensordata/home66_utility745_sensor2045c2049_electric-mains_electric-combined.csv.gz,ideal-relative-v1,False
66,2017-05,train,172.528397,False,4,Casa,2,0.09016393442622951,0.01,0.0,0.16666666666666666,0.07959836065573771,Eficiente,0.967234,0.979984,0.204938,0.967742,166.875361,sensordata/home66_utility745_sensor2045c2049_electric-mains_electric-combined.csv.gz,ideal-relative-v1,False
66,2017-06,train,156.423172,False,4,Casa,1,0.06830601092896176,0.01,0.0,0.08333333333333333,0.05398360655737705,Eficiente,0.935226,0.946505,0.21025,0.933333,146.29109,sensordata/home66_utility745_sensor2045c2049_electric-mains_electric-combined.csv.gz,ideal-relative-v1,False
66,2017-07,train,139.54251,False,4,Casa,1,0.02459016393442623,0.01,0.0,0.08333333333333333,0.027754098360655736,Eficiente,0.977944,0.982189,0.198541,0.967742,136.464749,sensordata/home66_utility745_sensor2045c2049_electric-mains_electric-combined.csv.gz,ideal-relative-v1,False
66,2017-08,train,172.053361,False,4,Casa,2,0.08469945355191257,0.01,0.0,0.16666666666666666,0.07631967213114754,Eficiente,0.973588,0.954857,0.186067,0.935484,167.509146,sensordata/home66_utility745_sensor2045c2049_electric-mains_electric-combined.csv.gz,ideal-relative-v1,False
66,2017-09,train,177.444501,False,4,Casa,2,0.11202185792349727,0.01,0.0,0.16666666666666666,0.09271311475409835,Eficiente,0.98103,0.986546,0.17634,0.933333,174.078327,sensordata/home66_utility745_sensor2045c2049_electric-mains_electric-combined.csv.gz,ideal-relative-v1,False
66,2017-11,train,212.420427,False,4,Casa,4,0.2103825136612022,0.01,0.0,0.3333333333333333,0.1767295081967213,Eficiente,0.956565,0.97891,0.231783,0.9,203.193906,sensordata/home66_utility745_sensor2045c2049_electric-mains_electric-combined.csv.gz,ideal-relative-v1,False
67,2017-01,train,404.554532,True,6,Departamento,7,0.9536290322580645,0.15873015873015872,1.0,0.5833333333333334,0.8676139272913467,Ineficiente,0.934244,0.936322,0.288118,0.806452,377.952624,sensordata/home67_hall767_sensor2242c2246_electric-mains_electric-combined.csv.gz,ideal-relative-v1,False
67,2017-03,train,372.578538,True,6,Departamento,7,0.9213709677419355,0.15873015873015872,1.0,0.5833333333333334,0.8482590885816693,Ineficiente,0.954797,0.969863,0.307544,0.903226,355.736729,sensordata/home67_hall767_sensor2242c2246_electric-mains_electric-combined.csv.gz,ideal-relative-v1,False
67,2017-04,train,343.267248,True,6,Departamento,5,0.8608870967741935,0.15873015873015872,1.0,0.4166666666666667,0.7869687660010241,Ineficiente,0.978713,0.981667,0.256508,1.0,335.960106,sensordata/home67_hall767_sensor2242c2246_electric-mains_electric-combined.csv.gz,ideal-relative-v1,False
67,2017-05,train,339.812623,True,6,Departamento,6,0.844758064516129,0.15873015873015872,1.0,0.5,0.7897913466461852,Ineficiente,0.975723,0.976167,0.270619,0.935484,331.563058,sensordata/home67_hall767_sensor2242c2246_electric-mains_electric-combined.csv.gz,ideal-relative-v1,False
67,2017-06,train,350.639602,False,6,Departamento,6,0.8770161290322581,0.15873015873015872,0.0,0.5,0.6091461853558627,Moderado,0.93551,0.946868,0.232073,0.833333,328.027,sensordata/home67_hall767_sensor2242c2246_electric-mains_electric-combined.csv.gz,ideal-relative-v1,False
67,2017-08,train,370.409874,True,6,Departamento,6,0.9133064516129032,0.15873015873015872,1.0,0.5,0.8309203789042499,Ineficiente,0.971188,0.962018,0.274738,0.870968,359.737772,sensordata/home67_hall767_sensor2242c2246_electric-mains_electric-combined.csv.gz,ideal-relative-v1,False
67,2017-09,train,340.209258,True,6,Departamento,6,0.8528225806451613,0.15873015873015872,1.0,0.5,0.7946300563236046,Ineficiente,0.978475,0.982572,0.260256,1.0,332.886359,sensordata/home67_hall767_sensor2242c2246_electric-mains_electric-combined.csv.gz,ideal-relative-v1,False
67,2017-10,train,374.219591,True,6,Departamento,6,0.9254032258064516,0.15873015873015872,1.0,0.5,0.8381784434203787,Ineficiente,0.973223,0.965497,0.315348,0.903226,364.198961,sensordata/home67_hall767_sensor2242c2246_electric-mains_electric-combined.csv.gz,ideal-relative-v1,False
67,2017-11,train,437.367327,True,6,Departamento,8,0.9899193548387096,0.15873015873015872,1.0,0.6666666666666666,0.9018881208397337,Ineficiente,0.984213,0.981532,0.255784,1.0,430.462424,sensordata/home67_hall767_sensor2242c2246_electric-mains_electric-combined.csv.gz,ideal-relative-v1,False
67,2018-03,train,376.623185,False,6,Departamento,7,0.9294354838709677,0.15873015873015872,0.0,0.5833333333333334,0.6530977982590885,Ineficiente,0.910809,0.948752,0.245572,0.83871,343.031798,sensordata/home67_hall767_sensor2242c2246_electric-mains_electric-combined.csv.gz,ideal-relative-v1,False
67,2018-04,train,346.583591,True,6,Departamento,6,0.8649193548387096,0.15873015873015872,1.0,0.5,0.8018881208397337,Ineficiente,0.94441,0.98044,0.26395,0.9,327.316913,sensordata/home67_hall767_sensor2242c2246_electric-mains_electric-combined.csv.gz,ideal-relative-v1,False
68,2016-12,train,447.125917,True,5,Casa,10,0.9426229508196722,0.04,1.0,0.8333333333333334,0.8925737704918033,Ineficiente,0.961989,0.960672,0.310471,0.806452,430.130157,sensordata/home68_utility757_sensor2122c2126_electric-mains_electric-combined.csv.gz,ideal-relative-v1,False
68,2017-02,train,324.55885,True,5,Casa,6,0.6967213114754098,0.04,1.0,0.5,0.6950327868852458,Ineficiente,0.965163,0.991523,0.285281,0.928571,313.252283,sensordata/home68_utility757_sensor2122c2126_electric-mains_electric-combined.csv.gz,ideal-relative-v1,False
68,2017-03,train,370.150759,True,5,Casa,7,0.8333333333333334,0.04,1.0,0.5833333333333334,0.7895,Ineficiente,0.951984,0.960927,0.301152,0.83871,352.377489,sensordata/home68_utility757_sensor2122c2126_electric-mains_electric-combined.csv.gz,ideal-relative-v1,False
68,2017-05,train,312.205744,True,5,Casa,5,0.6256830601092896,0.04,1.0,0.4166666666666667,0.6399098360655737,Ineficiente,0.982891,0.987151,0.26873,0.903226,306.86407,sensordata/home68_utility757_sensor2122c2126_electric-mains_electric-combined.csv.gz,ideal-relative-v1,False
68,2017-06,train,308.342174,True,5,Casa,5,0.6092896174863388,0.04,1.0,0.4166666666666667,0.6300737704918034,Ineficiente,0.955114,0.962329,0.295856,0.933333,294.501988,sensordata/home68_utility757_sensor2122c2126_electric-mains_electric-combined.csv.gz,ideal-relative-v1,False
68,2017-07,train,335.232663,True,5,Casa,6,0.7622950819672131,0.04,1.0,0.5,0.7343770491803279,Ineficiente,0.994694,0.996752,0.260048,1.0,333.453992,sensordata/home68_utility757_sensor2122c2126_electric-mains_electric-combined.csv.gz,ideal-relative-v1,False
68,2017-08,train,319.747819,True,5,Casa,5,0.6639344262295082,0.04,1.0,0.4166666666666667,0.6628606557377049,Ineficiente,0.986542,0.974541,0.278809,0.967742,315.444522,sensordata/home68_utility757_sensor2122c2126_electric-mains_electric-combined.csv.gz,ideal-relative-v1,False
68,2017-09,train,304.534864,True,5,Casa,6,0.587431693989071,0.04,1.0,0.5,0.6294590163934426,Ineficiente,0.987842,0.988512,0.300727,0.966667,300.832275,sensordata/home68_utility757_sensor2122c2126_electric-mains_electric-combined.csv.gz,ideal-relative-v1,False
68,2017-10,train,319.935104,True,5,Casa,6,0.6693989071038251,0.04,1.0,0.5,0.678639344262295,Ineficiente,0.976404,0.969819,0.287283,0.903226,312.385852,sensordata/home68_utility757_sensor2122c2126_electric-mains_electric-combined.csv.gz,ideal-relative-v1,False
68,2017-11,train,350.588236,True,5,Casa,7,0.8060109289617486,0.04,1.0,0.5833333333333334,0.7731065573770491,Ineficiente,0.992614,0.991282,0.31753,1.0,347.998861,sensordata/home68_utility757_sensor2122c2126_electric-mains_electric-combined.csv.gz,ideal-relative-v1,False
68,2018-04,train,349.620765,True,5,Casa,7,0.7950819672131147,0.04,1.0,0.5833333333333334,0.7665491803278689,Ineficiente,0.93444,0.961648,0.300354,0.866667,326.699563,sensordata/home68_utility757_sensor2122c2126_electric-mains_electric-combined.csv.gz,ideal-relative-v1,False
68,2018-06,train,326.705118,True,5,Casa,7,0.7240437158469946,0.04,1.0,0.5833333333333334,0.7239262295081967,Ineficiente,0.928342,0.94163,0.293027,0.8,303.294024,sensordata/home68_utility757_sensor2122c2126_electric-mains_electric-combined.csv.gz,ideal-relative-v1,False
69,2017-02,train,315.11999,True,10,Casa,4,0.6420765027322405,0.34,1.0,0.3333333333333333,0.6522459016393444,Ineficiente,0.967719,0.995027,0.34806,0.928571,304.947757,sensordata/home69_hall788_sensor2410c2414_electric-mains_electric-combined.csv.gz,ideal-relative-v1,False
69,2017-03,train,338.007665,True,10,Casa,5,0.76775956284153,0.34,1.0,0.4166666666666667,0.740155737704918,Ineficiente,0.967912,0.982809,0.300621,0.935484,327.161799,sensordata/home69_hall788_sensor2410c2414_electric-mains_electric-combined.csv.gz,ideal-relative-v1,False
69,2017-04,train,254.704743,True,10,Casa,3,0.3633879781420765,0.34,1.0,0.25,0.4725327868852459,Moderado,0.991456,0.99319,0.304496,1.0,252.528551,sensordata/home69_hall788_sensor2410c2414_electric-mains_electric-combined.csv.gz,ideal-relative-v1,False
69,2017-05,train,324.978005,True,10,Casa,5,0.7021857923497268,0.34,1.0,0.4166666666666667,0.7008114754098361,Ineficiente,0.980974,0.991169,0.332413,0.967742,318.795002,sensordata/home69_hall788_sensor2410c2414_electric-mains_electric-combined.csv.gz,ideal-relative-v1,False
69,2017-06,train,322.709523,True,10,Casa,6,0.6912568306010929,0.34,1.0,0.5,0.7067540983606557,Ineficiente,0.951071,0.96062,0.306643,0.933333,306.91954,sensordata/home69_hall788_sensor2410c2414_electric-mains_electric-combined.csv.gz,ideal-relative-v1,False
69,2017-10,train,343.502019,True,10,Casa,6,0.7841530054644809,0.34,1.0,0.5,0.7624918032786885,Ineficiente,0.972071,0.972767,0.293003,0.903226,333.908425,sensordata/home69_hall788_sensor2410c2414_electric-mains_electric-combined.csv.gz,ideal-relative-v1,False
69,2017-11,train,435.18451,True,10,Casa,8,0.9153005464480874,0.34,1.0,0.6666666666666666,0.8661803278688525,Ineficiente,0.994686,0.996734,0.259023,1.0,432.871921,sensordata/home69_hall788_sensor2410c2414_electric-mains_electric-combined.csv.gz,ideal-relative-v1,False
69,2018-04,train,326.237331,True,10,Casa,5,0.7185792349726776,0.34,1.0,0.4166666666666667,0.7106475409836066,Ineficiente,0.944753,0.980549,0.265934,0.9,308.213852,sensordata/home69_hall788_sensor2410c2414_electric-mains_electric-combined.csv.gz,ideal-relative-v1,False
69,2018-06,train,325.382474,True,10,Casa,5,0.7076502732240437,0.34,1.0,0.4166666666666667,0.7040901639344262,Ineficiente,0.937502,0.962134,0.301833,0.866667,305.046697,sensordata/home69_hall788_sensor2410c2414_electric-mains_electric-combined.csv.gz,ideal-relative-v1,False
70,2017-03,train,217.624271,True,5,Departamento,4,0.5423387096774194,0.06349206349206349,1.0,0.3333333333333333,0.5785778289810548,Moderado,0.945695,0.970166,0.354931,0.903226,205.806104,sensordata/home70_hall774_sensor2299c2303_electric-mains_electric-combined.csv.gz,ideal-relative-v1,False
70,2017-04,train,203.317778,True,5,Departamento,4,0.4939516129032258,0.06349206349206349,1.0,0.3333333333333333,0.5495455709165387,Moderado,0.965508,0.972674,0.272578,0.866667,196.304962,sensordata/home70_hall774_sensor2299c2303_electric-mains_electric-combined.csv.gz,ideal-relative-v1,False
70,2017-05,train,154.031604,True,5,Departamento,2,0.2600806451612903,0.06349206349206349,1.0,0.16666666666666666,0.3842229902713774,Moderado,0.960731,0.971599,0.259687,0.903226,147.982885,sensordata/home70_hall774_sensor2299c2303_electric-mains_electric-combined.csv.gz,ideal-relative-v1,False
70,2017-06,train,235.225967,False,5,Departamento,4,0.6108870967741935,0.06349206349206349,0.0,0.3333333333333333,0.41970686123911927,Moderado,0.937794,0.942488,0.191544,0.933333,220.593496,sensordata/home70_hall774_sensor2299c2303_electric-mains_electric-combined.csv.gz,ideal-relative-v1,False
70,2017-07,train,272.615731,False,5,Departamento,5,0.7479838709677419,0.06349206349206349,0.0,0.4166666666666667,0.5144649257552483,Moderado,0.988968,0.986622,0.159443,1.0,269.608143,sensordata/home70_hall774_sensor2299c2303_electric-mains_electric-combined.csv.gz,ideal-relative-v1,False
70,2017-08,train,238.812145,False,5,Departamento,3,0.6270161290322581,0.06349206349206349,0.0,0.25,0.416884280593958,Moderado,0.981898,0.973244,0.195342,0.903226,234.489203,sensordata/home70_hall774_sensor2299c2303_electric-mains_electric-combined.csv.gz,ideal-relative-v1,False
70,2017-09,train,238.10337,True,5,Departamento,5,0.6229838709677419,0.06349206349206349,1.0,0.4166666666666667,0.6394649257552483,Ineficiente,0.978677,0.982887,0.299658,1.0,233.026404,sensordata/home70_hall774_sensor2299c2303_electric-mains_electric-combined.csv.gz,ideal-relative-v1,False
70,2017-10,train,233.170477,True,5,Departamento,4,0.594758064516129,0.06349206349206349,1.0,0.3333333333333333,0.6100294418842807,Moderado,0.975454,0.965318,0.281114,0.935484,227.44702,sensordata/home70_hall774_sensor2299c2303_electric-mains_electric-combined.csv.gz,ideal-relative-v1,False
70,2017-11,train,263.300995,True,5,Departamento,4,0.7116935483870968,0.06349206349206349,1.0,0.3333333333333333,0.6801907322068612,Ineficiente,0.953368,0.988586,0.318497,0.933333,251.022859,sensordata/home70_hall774_sensor2299c2303_electric-mains_electric-combined.csv.gz,ideal-relative-v1,False
70,2018-03,train,294.981709,True,5,Departamento,5,0.8084677419354839,0.06349206349206349,1.0,0.4166666666666667,0.7507552483358935,Ineficiente,0.911909,0.947475,0.253838,0.806452,268.996454,sensordata/home70_hall774_sensor2299c2303_electric-mains_electric-combined.csv.gz,ideal-relative-v1,False
70,2018-04,train,259.426798,False,5,Departamento,5,0.6915322580645161,0.06349206349206349,0.0,0.4166666666666667,0.48059395801331284,Moderado,0.941777,0.978174,0.203481,0.9,244.322293,sensordata/home70_hall774_sensor2299c2303_electric-mains_electric-combined.csv.gz,ideal-relative-v1,False
70,2018-06,train,124.668808,False,5,Departamento,2,0.1310483870967742,0.06349206349206349,0.0,0.16666666666666666,0.10680363543266769,Eficiente,0.939805,0.958905,0.236841,0.866667,117.164342,sensordata/home70_hall774_sensor2299c2303_electric-mains_electric-combined.csv.gz,ideal-relative-v1,False
71,2017-02,train,111.689722,False,6,Departamento,1,0.1028225806451613,0.15873015873015872,0.0,0.08333333333333333,0.0821300563236047,Eficiente,0.917231,0.941647,0.186466,0.857143,102.445264,sensordata/home71_hall824_sensor2713c2715_electric-mains_electric-combined.csv.gz,ideal-relative-v1,False
71,2017-04,train,178.435975,False,6,Departamento,2,0.36088709677419356,0.15873015873015872,0.0,0.16666666666666666,0.24946876600102405,Eficiente,0.960838,0.961412,0.201591,0.833333,171.448127,sensordata/home71_hall824_sensor2713c2715_electric-mains_electric-combined.csv.gz,ideal-relative-v1,False
72,2017-02,train,85.687189,True,9,Departamento,1,0.02620967741935484,0.5,1.0,0.08333333333333333,0.2532258064516129,Eficiente,0.968864,0.996788,0.314874,0.964286,83.01924,sensordata/home72_hall796_sensor2476c2480_electric-mains_electric-combined.csv.gz,ideal-relative-v1,False
72,2017-03,train,95.434669,True,9,Departamento,1,0.06653225806451613,0.5,1.0,0.08333333333333333,0.2774193548387097,Eficiente,0.967983,0.983716,0.308306,0.935484,92.379176,sensordata/home72_hall796_sensor2476c2480_electric-mains_electric-combined.csv.gz,ideal-relative-v1,False
72,2017-04,train,86.177551,True,9,Departamento,0,0.034274193548387094,0.5,1.0,0.0,0.24556451612903227,Eficiente,0.995885,0.995255,0.290999,1.0,85.822899,sensordata/home72_hall796_sensor2476c2480_electric-mains_electric-combined.csv.gz,ideal-relative-v1,False
72,2017-05,train,89.324831,True,9,Departamento,0,0.04233870967741935,0.5,1.0,0.0,0.25040322580645163,Eficiente,0.990417,0.99403,0.286184,0.967742,88.468834,sensordata/home72_hall796_sensor2476c2480_electric-mains_electric-combined.csv.gz,ideal-relative-v1,False
72,2017-06,train,83.017324,False,9,Departamento,0,0.014112903225806451,0.5,0.0,0.0,0.03346774193548387,Eficiente,0.955869,0.964787,0.227198,0.933333,79.353673,sensordata/home72_hall796_sensor2476c2480_electric-mains_electric-combined.csv.gz,ideal-relative-v1,False
72,2017-07,train,91.447233,True,9,Departamento,1,0.05040322580645161,0.5,1.0,0.08333333333333333,0.267741935483871,Eficiente,0.996518,0.99845,0.319499,1.0,91.128786,sensordata/home72_hall796_sensor2476c2480_electric-mains_electric-combined.csv.gz,ideal-relative-v1,False
72,2017-08,train,84.937326,True,9,Departamento,0,0.02217741935483871,0.5,1.0,0.0,0.23830645161290323,Eficiente,0.993441,0.980025,0.286317,0.967742,84.38021,sensordata/home72_hall796_sensor2476c2480_electric-mains_electric-combined.csv.gz,ideal-relative-v1,False
72,2017-09,train,61.989035,True,9,Departamento,0,0.0020161290322580645,0.5,1.0,0.0,0.22620967741935485,Eficiente,0.994988,0.995579,0.251436,1.0,61.678372,sensordata/home72_hall796_sensor2476c2480_electric-mains_electric-combined.csv.gz,ideal-relative-v1,False
72,2017-10,train,86.717132,True,9,Departamento,0,0.038306451612903226,0.5,1.0,0.0,0.24798387096774194,Eficiente,0.988724,0.983006,0.286778,0.935484,85.739317,sensordata/home72_hall796_sensor2476c2480_electric-mains_electric-combined.csv.gz,ideal-relative-v1,False
72,2017-11,train,94.229889,True,9,Departamento,1,0.05846774193548387,0.5,1.0,0.08333333333333333,0.2725806451612904,Eficiente,0.998378,0.998826,0.327491,1.0,94.077019,sensordata/home72_hall796_sensor2476c2480_electric-mains_electric-combined.csv.gz,ideal-relative-v1,False
72,2018-03,train,89.64455,True,9,Departamento,0,0.046370967741935484,0.5,1.0,0.0,0.25282258064516133,Eficiente,0.920912,0.958403,0.293758,0.83871,82.554762,sensordata/home72_hall796_sensor2476c2480_electric-mains_electric-combined.csv.gz,ideal-relative-v1,False
72,2018-06,train,78.433852,False,9,Departamento,0,0.006048387096774193,0.5,0.0,0.0,0.028629032258064516,Eficiente,0.944181,0.965275,0.236512,0.866667,74.055718,sensordata/home72_hall796_sensor2476c2480_electric-mains_electric-combined.csv.gz,ideal-relative-v1,False
73,2017-03,train,118.167068,False,4,Departamento,1,0.11491935483870967,0.031746031746031744,0.0,0.08333333333333333,0.08303891449052737,Eficiente,0.935271,0.947982,0.178332,0.83871,110.518282,sensordata/home73_hall782_sensor2364c2368_electric-mains_electric-combined.csv.gz,ideal-relative-v1,False
73,2017-04,train,111.86841,False,4,Departamento,1,0.10685483870967742,0.031746031746031744,0.0,0.08333333333333333,0.07820020481310803,Eficiente,0.954032,0.952093,0.187561,0.933333,106.726046,sensordata/home73_hall782_sensor2364c2368_electric-mains_electric-combined.csv.gz,ideal-relative-v1,False
73,2017-05,train,110.6501,False,4,Departamento,1,0.09879032258064516,0.031746031746031744,0.0,0.08333333333333333,0.07336149513568867,Eficiente,0.950175,0.951613,0.194706,0.83871,105.136929,sensordata/home73_hall782_sensor2364c2368_electric-mains_electric-combined.csv.gz,ideal-relative-v1,False
73,2017-06,train,106.406302,False,4,Departamento,1,0.08266129032258064,0.031746031746031744,0.0,0.08333333333333333,0.06368407578084996,Eficiente,0.91215,0.928963,0.168511,0.9,97.058558,sensordata/home73_hall782_sensor2364c2368_electric-mains_electric-combined.csv.gz,ideal-relative-v1,False
73,2017-07,train,120.803974,False,4,Departamento,1,0.11895161290322581,0.031746031746031744,0.0,0.08333333333333333,0.08545826932923706,Eficiente,0.957926,0.961024,0.186946,1.0,115.721223,sensordata/home73_hall782_sensor2364c2368_electric-mains_electric-combined.csv.gz,ideal-relative-v1,False
73,2017-09,train,103.842954,False,4,Departamento,1,0.07862903225806452,0.031746031746031744,0.0,0.08333333333333333,0.06126472094214029,Eficiente,0.952844,0.954581,0.190363,0.933333,98.946109,sensordata/home73_hall782_sensor2364c2368_electric-mains_electric-combined.csv.gz,ideal-relative-v1,False
73,2017-10,train,146.454528,False,4,Departamento,1,0.21169354838709678,0.031746031746031744,0.0,0.08333333333333333,0.14110343061955966,Eficiente,0.948112,0.941853,0.177987,0.870968,138.855329,sensordata/home73_hall782_sensor2364c2368_electric-mains_electric-combined.csv.gz,ideal-relative-v1,False
74,2017-02,train,406.350378,False,3,Departamento,13,0.9576612903225806,0.007936507936507936,0.0,1.0,0.7249935995903738,Ineficiente,0.963487,0.988472,0.24063,0.964286,391.513181,sensordata/home74_utility804_sensor2559c2563_electric-mains_electric-combined.csv.gz,ideal-relative-v1,False
74,2017-03,train,409.441785,False,3,Departamento,10,0.9616935483870968,0.007936507936507936,0.0,0.8333333333333334,0.7024129544290835,Ineficiente,0.964251,0.976902,0.222028,0.935484,394.804716,sensordata/home74_utility804_sensor2559c2563_electric-mains_electric-combined.csv.gz,ideal-relative-v1,False
74,2017-04,train,379.053315,False,3,Departamento,10,0.9375,0.007936507936507936,0.0,0.8333333333333334,0.6878968253968254,Ineficiente,0.991328,0.992579,0.17622,1.0,375.766285,sensordata/home74_utility804_sensor2559c2563_electric-mains_electric-combined.csv.gz,ideal-relative-v1,False
74,2017-05,train,364.132301,False,3,Departamento,7,0.8931451612903226,0.007936507936507936,0.0,0.5833333333333334,0.623783922171019,Ineficiente,0.984084,0.989978,0.1838,0.967742,358.336692,sensordata/home74_utility804_sensor2559c2563_electric-mains_electric-combined.csv.gz,ideal-relative-v1,False
74,2017-06,train,369.377141,False,3,Departamento,8,0.905241935483871,0.007936507936507936,0.0,0.6666666666666666,0.6435419866871479,Ineficiente,0.930043,0.931824,0.16464,0.866667,343.536559,sensordata/home74_utility804_sensor2559c2563_electric-mains_electric-combined.csv.gz,ideal-relative-v1,False
74,2017-07,train,390.105875,False,3,Departamento,9,0.9415322580645161,0.007936507936507936,0.0,0.75,0.6778161802355351,Ineficiente,0.975875,0.970181,0.180193,0.903226,380.694629,sensordata/home74_utility804_sensor2559c2563_electric-mains_electric-combined.csv.gz,ideal-relative-v1,False
74,2017-08,train,391.177794,False,3,Departamento,9,0.9455645161290323,0.007936507936507936,0.0,0.75,0.6802355350742446,Ineficiente,0.978898,0.965464,0.183541,0.903226,382.923247,sensordata/home74_utility804_sensor2559c2563_electric-mains_electric-combined.csv.gz,ideal-relative-v1,False
74,2017-09,train,369.746225,False,3,Departamento,9,0.9092741935483871,0.007936507936507936,0.0,0.75,0.6584613415258576,Ineficiente,0.991037,0.99263,0.177731,1.0,366.432346,sensordata/home74_utility804_sensor2559c2563_electric-mains_electric-combined.csv.gz,ideal-relative-v1,False
74,2017-10,train,394.242788,False,3,Departamento,10,0.9495967741935484,0.007936507936507936,0.0,0.8333333333333334,0.6951548899129544,Ineficiente,0.981664,0.975571,0.222994,0.903226,387.014121,sensordata/home74_utility804_sensor2559c2563_electric-mains_electric-combined.csv.gz,ideal-relative-v1,False
74,2017-11,train,415.199766,False,3,Departamento,13,0.969758064516129,0.007936507936507936,0.0,1.0,0.7322516641065028,Ineficiente,0.979988,0.979766,0.241484,0.833333,406.890805,sensordata/home74_utility804_sensor2559c2563_electric-mains_electric-combined.csv.gz,ideal-relative-v1,False
74,2018-06,train,350.285602,False,3,Departamento,7,0.8729838709677419,0.007936507936507936,0.0,0.5833333333333334,0.6116871479774705,Ineficiente,0.94062,0.955773,0.180155,0.866667,329.485772,sensordata/home74_utility804_sensor2559c2563_electric-mains_electric-combined.csv.gz,ideal-relative-v1,False
75,2017-04,train,260.625196,False,6,Departamento,4,0.6955645161290323,0.15873015873015872,0.0,0.3333333333333333,0.4752752176139272,Moderado,0.956618,0.958986,0.170882,0.866667,249.318868,sensordata/home75_hall813_sensor2634c2638_electric-mains_electric-combined.csv.gz,ideal-relative-v1,False
75,2017-05,train,221.307511,False,6,Departamento,3,0.5504032258064516,0.15873015873015872,0.0,0.25,0.3756784434203789,Moderado,0.958939,0.968076,0.20028,0.870968,212.220468,sensordata/home75_hall813_sensor2634c2638_electric-mains_electric-combined.csv.gz,ideal-relative-v1,False
75,2017-06,train,214.251187,False,6,Departamento,3,0.5342741935483871,0.15873015873015872,0.0,0.25,0.36600102406554014,Moderado,0.934867,0.945377,0.194648,0.933333,200.296425,sensordata/home75_hall813_sensor2634c2638_electric-mains_electric-combined.csv.gz,ideal-relative-v1,False
75,2017-07,train,210.88159,False,6,Departamento,3,0.5262096774193549,0.15873015873015872,0.0,0.25,0.36116231438812085,Eficiente,0.972401,0.975482,0.165657,0.967742,205.061482,sensordata/home75_hall813_sensor2634c2638_electric-mains_electric-combined.csv.gz,ideal-relative-v1,False
75,2017-08,train,240.85626,False,6,Departamento,4,0.6391129032258065,0.15873015873015872,0.0,0.3333333333333333,0.4414042498719918,Moderado,0.938263,0.946342,0.184867,0.806452,225.986461,sensordata/home75_hall813_sensor2634c2638_electric-mains_electric-combined.csv.gz,ideal-relative-v1,False
75,2017-09,train,250.16691,False,6,Departamento,4,0.6754032258064516,0.15873015873015872,0.0,0.3333333333333333,0.46317844342037884,Moderado,0.962777,0.967153,0.195032,0.966667,240.855045,sensordata/home75_hall813_sensor2634c2638_electric-mains_electric-combined.csv.gz,ideal-relative-v1,False
75,2017-10,train,224.31821,False,6,Departamento,3,0.5665322580645161,0.15873015873015872,0.0,0.25,0.3853558627752176,Moderado,0.953532,0.94851,0.171417,0.806452,213.89469,sensordata/home75_hall813_sensor2634c2638_electric-mains_electric-combined.csv.gz,ideal-relative-v1,False
75,2017-11,train,260.832929,False,6,Departamento,4,0.6995967741935484,0.15873015873015872,0.0,0.3333333333333333,0.4776945724526369,Moderado,0.968281,0.969928,0.187386,0.966667,252.559534,sensordata/home75_hall813_sensor2634c2638_electric-mains_electric-combined.csv.gz,ideal-relative-v1,False
75,2018-04,train,217.192887,False,6,Departamento,3,0.5383064516129032,0.15873015873015872,0.0,0.25,0.36842037890424983,Moderado,0.915823,0.957593,0.237906,0.833333,198.910307,sensordata/home75_hall813_sensor2634c2638_electric-mains_electric-combined.csv.gz,ideal-relative-v1,False
78,2018-04,train,197.612616,False,9,Departamento,3,0.4576612903225806,0.5,0.0,0.25,0.3370967741935484,Eficiente,0.903353,0.928035,0.205579,0.866667,178.514027,sensordata/home78_hall864_sensor2978_electric-mains_electric-combined.csv.gz,ideal-relative-v1,False
79,2017-02,train,364.276402,True,5,Casa,9,0.8114754098360656,0.04,1.0,0.75,0.8013852459016393,Ineficiente,0.962076,0.986468,0.290612,0.964286,350.461695,sensordata/home79_outside836_sensor2803c2807_electric-mains_electric-combined.csv.gz,ideal-relative-v1,False
79,2017-03,train,385.520408,True,5,Casa,8,0.8715846994535519,0.04,1.0,0.6666666666666666,0.824950819672131,Ineficiente,0.950075,0.963358,0.270126,0.83871,366.273214,sensordata/home79_outside836_sensor2803c2807_electric-mains_electric-combined.csv.gz,ideal-relative-v1,False
79,2018-04,train,293.732809,False,5,Casa,5,0.5327868852459017,0.04,0.0,0.4166666666666667,0.384172131147541,Moderado,0.928939,0.96762,0.247894,0.8,272.859761,sensordata/home79_outside836_sensor2803c2807_electric-mains_electric-combined.csv.gz,ideal-relative-v1,False
79,2018-06,train,244.279635,False,5,Casa,3,0.3251366120218579,0.04,0.0,0.25,0.23458196721311475,Eficiente,0.934674,0.954387,0.24223,0.866667,228.321917,sensordata/home79_outside836_sensor2803c2807_electric-mains_electric-combined.csv.gz,ideal-relative-v1,False
82,2017-03,train,277.158638,True,8,Casa,6,0.4781420765027322,0.15,1.0,0.5,0.5693852459016393,Moderado,0.956498,0.969964,0.266679,0.935484,265.101698,sensordata/home82_hall891_sensor3242c3246_electric-mains_electric-combined.csv.gz,ideal-relative-v1,False
82,2017-04,train,304.760023,True,8,Casa,7,0.592896174863388,0.15,1.0,0.5833333333333334,0.6507377049180327,Ineficiente,0.985761,0.981456,0.280163,1.0,300.420485,sensordata/home82_hall891_sensor3242c3246_electric-mains_electric-combined.csv.gz,ideal-relative-v1,False
82,2017-05,train,240.434992,False,8,Casa,4,0.31420765027322406,0.15,0.0,0.3333333333333333,0.24602459016393444,Eficiente,0.978137,0.9805,0.236132,0.967742,235.178349,sensordata/home82_hall891_sensor3242c3246_electric-mains_electric-combined.csv.gz,ideal-relative-v1,False
82,2017-06,train,263.483084,False,8,Casa,5,0.4016393442622951,0.15,0.0,0.4166666666666667,0.31098360655737706,Eficiente,0.951731,0.958727,0.249408,0.933333,250.765146,sensordata/home82_hall891_sensor3242c3246_electric-mains_electric-combined.csv.gz,ideal-relative-v1,False
82,2017-07,train,224.111987,True,8,Casa,4,0.25956284153005466,0.15,1.0,0.3333333333333333,0.4132377049180328,Moderado,0.993373,0.993141,0.252112,1.0,222.626776,sensordata/home82_hall891_sensor3242c3246_electric-mains_electric-combined.csv.gz,ideal-relative-v1,False
82,2017-08,train,275.83175,True,8,Casa,6,0.46174863387978143,0.15,1.0,0.5,0.5595491803278688,Moderado,0.990624,0.977379,0.286799,0.967742,273.245416,sensordata/home82_hall891_sensor3242c3246_electric-mains_electric-combined.csv.gz,ideal-relative-v1,False
82,2017-09,train,285.342563,True,8,Casa,6,0.505464480874317,0.15,1.0,0.5,0.58577868852459,Moderado,0.98551,0.979803,0.272125,0.966667,281.207958,sensordata/home82_hall891_sensor3242c3246_electric-mains_electric-combined.csv.gz,ideal-relative-v1,False
82,2017-10,train,273.816836,True,8,Casa,6,0.45081967213114754,0.15,1.0,0.5,0.5529918032786885,Moderado,0.978721,0.969259,0.310563,0.935484,267.990316,sensordata/home82_hall891_sensor3242c3246_electric-mains_electric-combined.csv.gz,ideal-relative-v1,False
82,2017-11,train,332.78292,True,8,Casa,8,0.7513661202185792,0.15,1.0,0.6666666666666666,0.7583196721311474,Ineficiente,0.98936,0.983384,0.283269,1.0,329.241966,sensordata/home82_hall891_sensor3242c3246_electric-mains_electric-combined.csv.gz,ideal-relative-v1,False
82,2018-03,train,373.03207,True,8,Casa,9,0.8387978142076503,0.15,1.0,0.75,0.8232786885245901,Ineficiente,0.909358,0.944982,0.303684,0.806452,339.219728,sensordata/home82_hall891_sensor3242c3246_electric-mains_electric-combined.csv.gz,ideal-relative-v1,False
82,2018-04,train,243.908882,False,8,Casa,4,0.319672131147541,0.15,0.0,0.3333333333333333,0.2493032786885246,Eficiente,0.945245,0.977803,0.241151,0.9,230.553647,sensordata/home82_hall891_sensor3242c3246_electric-mains_electric-combined.csv.gz,ideal-relative-v1,False
91,2017-08,train,171.103534,False,6,Departamento,3,0.3245967741935484,0.15873015873015872,0.0,0.25,0.24019457245263695,Eficiente,0.963082,0.953096,0.230006,0.935484,164.786681,sensordata/home91_hall963_sensor3770c3774_electric-mains_electric-combined.csv.gz,ideal-relative-v1,False
91,2017-09,train,202.349954,True,6,Departamento,3,0.4778225806451613,0.15873015873015872,1.0,0.25,0.5321300563236047,Moderado,0.968846,0.979218,0.27858,1.0,196.046035,sensordata/home91_hall963_sensor3770c3774_electric-mains_electric-combined.csv.gz,ideal-relative-v1,False
91,2017-10,train,203.5711,False,6,Departamento,3,0.49798387096774194,0.15873015873015872,0.0,0.25,0.3442268305171531,Eficiente,0.963268,0.966593,0.244963,0.903226,196.093619,sensordata/home91_hall963_sensor3770c3774_electric-mains_electric-combined.csv.gz,ideal-relative-v1,False
91,2017-11,train,203.210799,False,6,Departamento,3,0.4899193548387097,0.15873015873015872,0.0,0.25,0.3393881208397337,Eficiente,0.960321,0.972914,0.242365,0.933333,195.147516,sensordata/home91_hall963_sensor3770c3774_electric-mains_electric-combined.csv.gz,ideal-relative-v1,False
92,2017-04,train,183.125161,False,11,Casa,3,0.12295081967213115,0.45,0.0,0.25,0.13377049180327868,Eficiente,0.971544,0.9804,0.239795,0.9,177.914077,sensordata/home92_utility971_sensor3843c3847_electric-mains_electric-combined.csv.gz,ideal-relative-v1,False
92,2017-07,train,108.44734,False,11,Casa,1,0.00273224043715847,0.45,0.0,0.08333333333333333,0.036639344262295086,Eficiente,0.969147,0.977856,0.196368,0.870968,105.101361,sensordata/home92_utility971_sensor3843c3847_electric-mains_electric-combined.csv.gz,ideal-relative-v1,False
92,2017-08,train,197.957672,True,11,Casa,4,0.16120218579234974,0.45,1.0,0.3333333333333333,0.3692213114754099,Moderado,0.966363,0.964897,0.254667,0.806452,191.298921,sensordata/home92_utility971_sensor3843c3847_electric-mains_electric-combined.csv.gz,ideal-relative-v1,False
92,2017-10,train,200.020367,True,11,Casa,4,0.16666666666666666,0.45,1.0,0.3333333333333333,0.3725,Moderado,0.961212,0.97045,0.288337,0.806452,192.262008,sensordata/home92_utility971_sensor3843c3847_electric-mains_electric-combined.csv.gz,ideal-relative-v1,False
92,2017-11,train,222.151326,True,11,Casa,4,0.2540983606557377,0.45,1.0,0.3333333333333333,0.42495901639344263,Moderado,0.976693,0.976891,0.300286,0.933333,216.973709,sensordata/home92_utility971_sensor3843c3847_electric-mains_electric-combined.csv.gz,ideal-relative-v1,False
92,2018-04,train,179.323423,False,11,Casa,3,0.11748633879781421,0.45,0.0,0.25,0.1304918032786885,Eficiente,0.919511,0.951215,0.236018,0.8,164.889824,sensordata/home92_utility971_sensor3843c3847_electric-mains_electric-combined.csv.gz,ideal-relative-v1,False
92,2018-06,train,164.165891,True,11,Casa,2,0.07923497267759563,0.45,1.0,0.16666666666666666,0.2950409836065574,Eficiente,0.916359,0.919667,0.268338,0.8,150.434859,sensordata/home92_utility971_sensor3843c3847_electric-mains_electric-combined.csv.gz,ideal-relative-v1,False
93,2017-03,test,151.968931,True,5,Departamento,2,0.24596774193548387,0.06349206349206349,1.0,0.16666666666666666,0.3757552483358935,Moderado,0.943325,0.971629,0.31207,0.935484,143.356165,sensordata/home93_hall983_sensor3914c3937_electric-mains_electric-combined.csv.gz,ideal-relative-v1,False
93,2017-04,test,145.430611,True,5,Departamento,2,0.2056451612903226,0.06349206349206349,1.0,0.16666666666666666,0.3515616999487967,Eficiente,0.960619,0.963618,0.298113,0.9,139.703439,sensordata/home93_hall983_sensor3914c3937_electric-mains_electric-combined.csv.gz,ideal-relative-v1,False
93,2017-07,test,136.833039,True,5,Departamento,2,0.1814516129032258,0.06349206349206349,1.0,0.16666666666666666,0.3370455709165387,Eficiente,0.961711,0.970164,0.252773,0.870968,131.593903,sensordata/home93_hall983_sensor3914c3937_electric-mains_electric-combined.csv.gz,ideal-relative-v1,False
93,2017-08,test,210.886233,True,5,Departamento,4,0.5282258064516129,0.06349206349206349,1.0,0.3333333333333333,0.5701100870455709,Moderado,0.974052,0.972693,0.299783,0.903226,205.414246,sensordata/home93_hall983_sensor3914c3937_electric-mains_electric-combined.csv.gz,ideal-relative-v1,False
93,2017-09,test,193.929804,True,5,Departamento,3,0.4435483870967742,0.06349206349206349,1.0,0.25,0.5068036354326677,Moderado,0.983937,0.995322,0.349234,0.966667,190.814657,sensordata/home93_hall983_sensor3914c3937_electric-mains_electric-combined.csv.gz,ideal-relative-v1,False
93,2017-10,test,210.373459,True,5,Departamento,3,0.5201612903225806,0.06349206349206349,1.0,0.25,0.5527713773681515,Moderado,0.96415,0.974801,0.339364,0.870968,202.831625,sensordata/home93_hall983_sensor3914c3937_electric-mains_electric-combined.csv.gz,ideal-relative-v1,False
93,2017-11,test,178.098815,True,5,Departamento,3,0.3588709677419355,0.06349206349206349,1.0,0.25,0.45599718381976445,Moderado,0.971077,0.988498,0.369409,0.966667,172.947691,sensordata/home93_hall983_sensor3914c3937_electric-mains_electric-combined.csv.gz,ideal-relative-v1,False
94,2017-03,test,182.902498,False,10,Departamento,3,0.38306451612903225,0.6190476190476191,0.0,0.25,0.2982910906298003,Eficiente,0.940556,0.971456,0.246305,0.935484,172.029961,sensordata/home94_hall990_sensor3991c3995_electric-mains_electric-combined.csv.gz,ideal-relative-v1,False
94,2017-04,test,166.536074,True,10,Departamento,2,0.3024193548387097,0.6190476190476191,1.0,0.16666666666666666,0.4374039938556068,Moderado,0.926162,0.955218,0.270462,0.866667,154.239454,sensordata/home94_hall990_sensor3991c3995_electric-mains_electric-combined.csv.gz,ideal-relative-v1,False
94,2017-05,test,172.475985,True,10,Departamento,2,0.3346774193548387,0.6190476190476191,1.0,0.16666666666666666,0.45675883256528416,Moderado,0.935602,0.95556,0.253759,0.83871,161.368851,sensordata/home94_hall990_sensor3991c3995_electric-mains_electric-combined.csv.gz,ideal-relative-v1,False
94,2017-06,test,166.705733,False,10,Departamento,2,0.3064516129032258,0.6190476190476191,0.0,0.16666666666666666,0.23982334869431643,Eficiente,0.924788,0.937766,0.236412,0.9,154.167494,sensordata/home94_hall990_sensor3991c3995_electric-mains_electric-combined.csv.gz,ideal-relative-v1,False
94,2017-08,test,180.932718,False,10,Departamento,2,0.375,0.6190476190476191,0.0,0.16666666666666666,0.28095238095238095,Eficiente,0.963911,0.955143,0.183531,0.935484,174.40309,sensordata/home94_hall990_sensor3991c3995_electric-mains_electric-combined.csv.gz,ideal-relative-v1,False
96,2017-03,train,505.251381,True,15,Casa,10,0.9590163934426229,0.89,1.0,0.8333333333333334,0.9449098360655737,Ineficiente,0.968536,0.98239,0.349012,0.935484,489.353945,sensordata/home96_livingroom997_sensor4121c4125_electric-mains_electric-combined.csv.gz,ideal-relative-v1,False
96,2017-04,train,402.523544,True,15,Casa,8,0.8934426229508197,0.89,1.0,0.6666666666666666,0.8805655737704917,Ineficiente,0.993073,0.98919,0.310015,1.0,399.735385,sensordata/home96_livingroom997_sensor4121c4125_electric-mains_electric-combined.csv.gz,ideal-relative-v1,False
96,2017-05,train,380.887795,True,15,Casa,7,0.860655737704918,0.89,1.0,0.5833333333333334,0.8483934426229508,Ineficiente,0.985213,0.984745,0.281336,0.967742,375.255536,sensordata/home96_livingroom997_sensor4121c4125_electric-mains_electric-combined.csv.gz,ideal-relative-v1,False
96,2017-06,train,388.96308,True,15,Casa,8,0.8770491803278688,0.89,1.0,0.6666666666666666,0.8707295081967213,Ineficiente,0.9486,0.949752,0.270111,0.933333,368.970198,sensordata/home96_livingroom997_sensor4121c4125_electric-mains_electric-combined.csv.gz,ideal-relative-v1,False
96,2017-07,train,275.779228,False,15,Casa,4,0.4562841530054645,0.89,0.0,0.3333333333333333,0.36827049180327864,Moderado,0.991891,0.992849,0.231895,1.0,273.543052,sensordata/home96_livingroom997_sensor4121c4125_electric-mains_electric-combined.csv.gz,ideal-relative-v1,False
96,2018-04,train,442.203898,True,15,Casa,8,0.9316939890710383,0.89,1.0,0.6666666666666666,0.903516393442623,Ineficiente,0.923173,0.955468,0.317421,0.9,408.230628,sensordata/home96_livingroom997_sensor4121c4125_electric-mains_electric-combined.csv.gz,ideal-relative-v1,False
96,2018-06,train,366.455214,True,15,Casa,7,0.8224043715846995,0.89,1.0,0.5833333333333334,0.8254426229508197,Ineficiente,0.902384,0.918796,0.25636,0.8,330.683417,sensordata/home96_livingroom997_sensor4121c4125_electric-mains_electric-combined.csv.gz,ideal-relative-v1,False
97,2017-04,train,318.782644,True,9,Departamento,8,0.8326612903225806,0.5,1.0,0.6666666666666666,0.8245967741935484,Ineficiente,0.92196,0.941012,0.299035,0.8,293.904807,sensordata/home97_hall1010_sensor4238c4242_electric-mains_electric-combined.csv.gz,ideal-relative-v1,False
97,2017-05,train,304.253042,True,9,Departamento,7,0.8205645161290323,0.5,1.0,0.5833333333333334,0.8048387096774194,Ineficiente,0.975916,0.996519,0.307314,0.806452,296.925478,sensordata/home97_hall1010_sensor4238c4242_electric-mains_electric-combined.csv.gz,ideal-relative-v1,False
97,2017-06,train,293.22357,True,9,Departamento,7,0.8004032258064516,0.5,1.0,0.5833333333333334,0.792741935483871,Ineficiente,0.925526,0.931468,0.284682,0.8,271.385994,sensordata/home97_hall1010_sensor4238c4242_electric-mains_electric-combined.csv.gz,ideal-relative-v1,False
97,2017-09,train,332.907402,True,9,Departamento,7,0.8407258064516129,0.5,1.0,0.5833333333333334,0.8169354838709677,Ineficiente,0.910904,0.912736,0.33363,0.8,303.246791,sensordata/home97_hall1010_sensor4238c4242_electric-mains_electric-combined.csv.gz,ideal-relative-v1,False
97,2017-10,train,368.108402,True,9,Departamento,8,0.9012096774193549,0.5,1.0,0.6666666666666666,0.8657258064516129,Ineficiente,0.940185,0.958295,0.352166,0.806452,346.089837,sensordata/home97_hall1010_sensor4238c4242_electric-mains_electric-combined.csv.gz,ideal-relative-v1,False
97,2018-04,train,348.764958,True,9,Departamento,8,0.8689516129032258,0.5,1.0,0.6666666666666666,0.8463709677419355,Ineficiente,0.940219,0.97203,0.313209,0.9,327.915353,sensordata/home97_hall1010_sensor4238c4242_electric-mains_electric-combined.csv.gz,ideal-relative-v1,False
98,2017-06,train,84.240883,False,4,Departamento,1,0.018145161290322582,0.031746031746031744,0.0,0.08333333333333333,0.024974398361495134,Eficiente,0.907346,0.923278,0.232432,0.8,76.435666,sensordata/home98_hall1019_sensor4306c4310_electric-mains_electric-combined.csv.gz,ideal-relative-v1,False
98,2017-08,train,95.893383,False,4,Departamento,1,0.07056451612903226,0.031746031746031744,0.0,0.08333333333333333,0.056426011264720945,Eficiente,0.946017,0.950287,0.243571,0.806452,90.716809,sensordata/home98_hall1019_sensor4306c4310_electric-mains_electric-combined.csv.gz,ideal-relative-v1,False
98,2017-09,train,82.814687,False,4,Departamento,1,0.010080645161290322,0.031746031746031744,0.0,0.08333333333333333,0.02013568868407578,Eficiente,0.947522,0.954192,0.216488,0.866667,78.468737,sensordata/home98_hall1019_sensor4306c4310_electric-mains_electric-combined.csv.gz,ideal-relative-v1,False
98,2017-10,train,86.043553,False,4,Departamento,1,0.03024193548387097,0.031746031746031744,0.0,0.08333333333333333,0.03223246287762417,Eficiente,0.944101,0.948972,0.243446,0.806452,81.233776,sensordata/home98_hall1019_sensor4306c4310_electric-mains_electric-combined.csv.gz,ideal-relative-v1,False
98,2017-11,train,95.992451,True,4,Departamento,1,0.07459677419354839,0.031746031746031744,1.0,0.08333333333333333,0.2588453661034306,Eficiente,0.96081,0.97212,0.296497,1.0,92.230488,sensordata/home98_hall1019_sensor4306c4310_electric-mains_electric-combined.csv.gz,ideal-relative-v1,False
98,2018-04,train,94.035291,False,4,Departamento,1,0.05443548387096774,0.031746031746031744,0.0,0.08333333333333333,0.04674859190988223,Eficiente,0.921524,0.957662,0.247636,0.866667,86.655734,sensordata/home98_hall1019_sensor4306c4310_electric-mains_electric-combined.csv.gz,ideal-relative-v1,False
100,2017-10,test,171.142279,False,11,Departamento,0,0.32661290322580644,0.6825396825396826,0.0,0.0,0.230094726062468,Eficiente,0.940808,0.936483,0.196961,0.870968,161.011958,sensordata/home100_livingroom1038_sensor4472_electric-mains_electric-combined.csv.gz,ideal-relative-v1,False
100,2018-06,test,156.798233,False,11,Departamento,1,0.27419354838709675,0.6825396825396826,0.0,0.08333333333333333,0.21114311315924217,Eficiente,0.904441,0.922028,0.200133,0.866667,141.814746,sensordata/home100_livingroom1038_sensor4472_electric-mains_electric-combined.csv.gz,ideal-relative-v1,False
101,2017-04,test,121.794301,True,6,Casa,2,0.01092896174863388,0.07,1.0,0.16666666666666666,0.23505737704918034,Eficiente,0.944573,0.957104,0.25284,0.833333,115.043551,sensordata/home101_hall1045_sensor4512c4517_electric-mains_electric-combined.csv.gz,ideal-relative-v1,False
101,2017-05,test,120.416514,True,6,Casa,2,0.01092896174863388,0.07,1.0,0.16666666666666666,0.23505737704918034,Eficiente,0.938931,0.946799,0.299828,0.83871,113.062762,sensordata/home101_hall1045_sensor4512c4517_electric-mains_electric-combined.csv.gz,ideal-relative-v1,False
101,2017-06,test,102.792196,True,6,Casa,2,0.0,0.07,1.0,0.16666666666666666,0.2285,Eficiente,0.909098,0.917581,0.290754,0.833333,93.448139,sensordata/home101_hall1045_sensor4512c4517_electric-mains_electric-combined.csv.gz,ideal-relative-v1,False
101,2017-07,test,119.907451,True,6,Casa,2,0.01092896174863388,0.07,1.0,0.16666666666666666,0.23505737704918034,Eficiente,0.942964,0.941046,0.282647,0.870968,113.06842,sensordata/home101_hall1045_sensor4512c4517_electric-mains_electric-combined.csv.gz,ideal-relative-v1,False
101,2017-08,test,107.752453,True,6,Casa,1,0.0,0.07,1.0,0.08333333333333333,0.21600000000000003,Eficiente,0.947988,0.940197,0.280292,0.806452,102.14803,sensordata/home101_hall1045_sensor4512c4517_electric-mains_electric-combined.csv.gz,ideal-relative-v1,False
101,2017-11,test,111.921539,True,6,Casa,2,0.00546448087431694,0.07,1.0,0.16666666666666666,0.23177868852459016,Eficiente,0.955037,0.964979,0.2716,0.9,106.889215,sensordata/home101_hall1045_sensor4512c4517_electric-mains_electric-combined.csv.gz,ideal-relative-v1,False
105,2017-05,train,133.664064,False,8,Departamento,1,0.16733870967741934,0.38095238095238093,0.0,0.08333333333333333,0.13195084485407066,Eficiente,0.961251,0.969825,0.212099,0.967742,128.484732,sensordata/home105_hall1111_sensor5093c5097_electric-mains_electric-combined.csv.gz,ideal-relative-v1,False
105,2017-06,train,128.80727,False,8,Departamento,1,0.14717741935483872,0.38095238095238093,0.0,0.08333333333333333,0.11985407066052227,Eficiente,0.932821,0.937363,0.236552,0.933333,120.154125,sensordata/home105_hall1111_sensor5093c5097_electric-mains_electric-combined.csv.gz,ideal-relative-v1,False
105,2017-07,train,147.329379,False,8,Departamento,1,0.21975806451612903,0.38095238095238093,0.0,0.08333333333333333,0.16340245775729645,Eficiente,0.976608,0.976631,0.231665,0.967742,143.883002,sensordata/home105_hall1111_sensor5093c5097_electric-mains_electric-combined.csv.gz,ideal-relative-v1,False
105,2017-08,train,136.505035,False,8,Departamento,1,0.17540322580645162,0.38095238095238093,0.0,0.08333333333333333,0.13678955453149,Eficiente,0.967587,0.951407,0.248581,0.967742,132.080547,sensordata/home105_hall1111_sensor5093c5097_electric-mains_electric-combined.csv.gz,ideal-relative-v1,False
105,2017-09,train,136.602053,False,8,Departamento,1,0.17943548387096775,0.38095238095238093,0.0,0.08333333333333333,0.1392089093701997,Eficiente,0.939255,0.955343,0.248527,0.833333,128.30411,sensordata/home105_hall1111_sensor5093c5097_electric-mains_electric-combined.csv.gz,ideal-relative-v1,False
105,2017-10,train,148.315581,True,8,Departamento,1,0.23588709677419356,0.38095238095238093,1.0,0.08333333333333333,0.3730798771121352,Moderado,0.967981,0.964292,0.276396,0.935484,143.566607,sensordata/home105_hall1111_sensor5093c5097_electric-mains_electric-combined.csv.gz,ideal-relative-v1,False
105,2017-11,train,185.244492,True,8,Departamento,2,0.3971774193548387,0.38095238095238093,1.0,0.16666666666666666,0.48235407066052227,Moderado,0.975318,0.990433,0.279478,0.966667,180.67234,sensordata/home105_hall1111_sensor5093c5097_electric-mains_electric-combined.csv.gz,ideal-relative-v1,False
105,2018-04,train,189.138162,False,8,Departamento,2,0.41330645161290325,0.38095238095238093,0.0,0.16666666666666666,0.292031490015361,Eficiente,0.912711,0.951602,0.222978,0.8,172.628414,sensordata/home105_hall1111_sensor5093c5097_electric-mains_electric-combined.csv.gz,ideal-relative-v1,False
107,2017-05,train,206.774136,True,14,Casa,3,0.17759562841530055,0.8,1.0,0.25,0.3840573770491803,Moderado,0.959796,0.965909,0.304967,0.870968,198.460942,sensordata/home107_hall1076_sensor4745c4749_electric-mains_electric-combined.csv.gz,ideal-relative-v1,False
107,2017-07,train,188.131441,True,14,Casa,3,0.13934426229508196,0.8,1.0,0.25,0.3611065573770492,Eficiente,0.959433,0.953035,0.288764,0.83871,180.499488,sensordata/home107_hall1076_sensor4745c4749_electric-mains_electric-combined.csv.gz,ideal-relative-v1,False
107,2017-08,train,183.220412,True,14,Casa,4,0.1284153005464481,0.8,1.0,0.3333333333333333,0.3670491803278688,Moderado,0.957492,0.947137,0.28931,0.870968,175.432108,sensordata/home107_hall1076_sensor4745c4749_electric-mains_electric-combined.csv.gz,ideal-relative-v1,False
107,2017-09,train,218.853234,True,14,Casa,4,0.23224043715846995,0.8,1.0,0.3333333333333333,0.42934426229508194,Moderado,0.966615,0.956671,0.302786,0.933333,211.546896,sensordata/home107_hall1076_sensor4745c4749_electric-mains_electric-combined.csv.gz,ideal-relative-v1,False
107,2017-10,train,220.406568,True,14,Casa,4,0.24316939890710382,0.8,1.0,0.3333333333333333,0.4359016393442623,Moderado,0.96677,0.957852,0.327317,0.903226,213.082529,sensordata/home107_hall1076_sensor4745c4749_electric-mains_electric-combined.csv.gz,ideal-relative-v1,False
107,2017-11,train,221.433123,True,14,Casa,4,0.24863387978142076,0.8,1.0,0.3333333333333333,0.4391803278688524,Moderado,0.979152,0.974417,0.300652,0.966667,216.816686,sensordata/home107_hall1076_sensor4745c4749_electric-mains_electric-combined.csv.gz,ideal-relative-v1,False
107,2018-04,train,206.344433,False,14,Casa,4,0.1721311475409836,0.8,0.0,0.3333333333333333,0.19327868852459015,Eficiente,0.928316,0.968449,0.244634,0.833333,191.552832,sensordata/home107_hall1076_sensor4745c4749_electric-mains_electric-combined.csv.gz,ideal-relative-v1,False
109,2017-05,train,440.379865,True,9,Casa,9,0.9262295081967213,0.24,1.0,0.75,0.8802377049180328,Ineficiente,0.976741,0.970076,0.270471,0.903226,430.13689,sensordata/home109_kitchen1091_sensor4999c5015_electric-mains_electric-combined.csv.gz,ideal-relative-v1,False
109,2017-06,train,380.631194,True,9,Casa,8,0.855191256830601,0.24,1.0,0.6666666666666666,0.8251147540983607,Ineficiente,0.94392,0.943046,0.26109,0.9,359.285303,sensordata/home109_kitchen1091_sensor4999c5015_electric-mains_electric-combined.csv.gz,ideal-relative-v1,False
109,2017-07,train,514.717277,True,9,Casa,12,0.9644808743169399,0.24,1.0,1.0,0.9406885245901638,Ineficiente,0.983142,0.97381,0.301107,1.0,506.04007,sensordata/home109_kitchen1091_sensor4999c5015_electric-mains_electric-combined.csv.gz,ideal-relative-v1,False
109,2017-09,train,433.815893,True,9,Casa,9,0.9098360655737705,0.24,1.0,0.75,0.8704016393442624,Ineficiente,0.974949,0.959537,0.312768,0.866667,422.948403,sensordata/home109_kitchen1091_sensor4999c5015_electric-mains_electric-combined.csv.gz,ideal-relative-v1,False
110,2017-06,train,263.240119,True,7,Casa,4,0.39617486338797814,0.1,1.0,0.3333333333333333,0.4927049180327869,Moderado,0.90857,0.922708,0.268243,0.8,239.172132,sensordata/home110_hall1094_sensor4956c4960_electric-mains_electric-combined.csv.gz,ideal-relative-v1,False
110,2017-07,train,194.445559,True,7,Casa,3,0.15027322404371585,0.1,1.0,0.25,0.3326639344262295,Eficiente,0.958884,0.967823,0.274179,0.935484,186.45067,sensordata/home110_hall1094_sensor4956c4960_electric-mains_electric-combined.csv.gz,ideal-relative-v1,False
110,2017-08,train,251.095506,True,7,Casa,4,0.34153005464480873,0.1,1.0,0.3333333333333333,0.4599180327868852,Moderado,0.935898,0.943284,0.307156,0.806452,234.999669,sensordata/home110_hall1094_sensor4956c4960_electric-mains_electric-combined.csv.gz,ideal-relative-v1,False
110,2017-09,train,260.155229,True,7,Casa,4,0.3797814207650273,0.1,1.0,0.3333333333333333,0.4828688524590164,Moderado,0.959549,0.966053,0.260279,1.0,249.631589,sensordata/home110_hall1094_sensor4956c4960_electric-mains_electric-combined.csv.gz,ideal-relative-v1,False
110,2017-10,train,309.444873,True,7,Casa,6,0.6147540983606558,0.1,1.0,0.5,0.6488524590163934,Ineficiente,0.961893,0.962195,0.296585,0.903226,297.652739,sensordata/home110_hall1094_sensor4956c4960_electric-mains_electric-combined.csv.gz,ideal-relative-v1,False
110,2017-11,train,320.783311,True,7,Casa,6,0.680327868852459,0.1,1.0,0.5,0.6881967213114754,Ineficiente,0.963353,0.9754,0.34223,0.933333,309.027567,sensordata/home110_hall1094_sensor4956c4960_electric-mains_electric-combined.csv.gz,ideal-relative-v1,False
110,2018-04,train,288.031604,True,7,Casa,5,0.5218579234972678,0.1,1.0,0.4166666666666667,0.5806147540983607,Moderado,0.927825,0.970475,0.264663,0.9,267.24299,sensordata/home110_hall1094_sensor4956c4960_electric-mains_electric-combined.csv.gz,ideal-relative-v1,False
113,2017-07,test,308.831981,False,12,Casa,6,0.6120218579234973,0.58,0.0,0.5,0.47121311475409833,Moderado,0.978681,0.976387,0.215032,1.0,302.24797,sensordata/home113_hall1201_sensor5922c5924_electric-mains_electric-combined.csv.gz,ideal-relative-v1,False
113,2017-09,test,311.716108,False,12,Casa,6,0.6229508196721312,0.58,0.0,0.5,0.4777704918032787,Moderado,0.979419,0.975296,0.245735,0.933333,305.300552,sensordata/home113_hall1201_sensor5922c5924_electric-mains_electric-combined.csv.gz,ideal-relative-v1,False
114,2017-07,train,202.5211,True,9,Departamento,3,0.48185483870967744,0.5,1.0,0.25,0.5516129032258065,Moderado,0.951758,0.963125,0.26699,0.935484,192.751029,sensordata/home114_hall1141_sensor5356c5360_electric-mains_electric-combined.csv.gz,ideal-relative-v1,False
114,2017-08,train,204.566072,True,9,Departamento,3,0.5100806451612904,0.5,1.0,0.25,0.5685483870967742,Moderado,0.94394,0.949382,0.3061,0.870968,193.098182,sensordata/home114_hall1141_sensor5356c5360_electric-mains_electric-combined.csv.gz,ideal-relative-v1,False
114,2017-10,train,177.663619,True,9,Departamento,2,0.3528225806451613,0.5,1.0,0.16666666666666666,0.46169354838709686,Moderado,0.969467,0.972417,0.28513,0.935484,172.239049,sensordata/home114_hall1141_sensor5356c5360_electric-mains_electric-combined.csv.gz,ideal-relative-v1,False
114,2017-11,train,214.150298,True,9,Departamento,3,0.530241935483871,0.5,1.0,0.25,0.5806451612903226,Moderado,0.975655,0.984544,0.307366,1.0,208.936747,sensordata/home114_hall1141_sensor5356c5360_electric-mains_electric-combined.csv.gz,ideal-relative-v1,False
114,2018-04,train,204.30233,True,9,Departamento,3,0.5020161290322581,0.5,1.0,0.25,0.5637096774193548,Moderado,0.916478,0.958986,0.295928,0.9,187.238514,sensordata/home114_hall1141_sensor5356c5360_electric-mains_electric-combined.csv.gz,ideal-relative-v1,False
116,2017-07,train,202.624479,False,7,Departamento,4,0.48588709677419356,0.2857142857142857,0.0,0.3333333333333333,0.3558179723502304,Eficiente,0.961988,0.971275,0.19929,1.0,194.922343,sensordata/home116_kitchen1156_sensor5497c5501_electric-mains_electric-combined.csv.gz,ideal-relative-v1,False
116,2017-08,train,246.665418,True,7,Departamento,4,0.6592741935483871,0.2857142857142857,1.0,0.3333333333333333,0.6598502304147466,Ineficiente,0.970087,0.961508,0.255682,0.967742,239.286821,sensordata/home116_kitchen1156_sensor5497c5501_electric-mains_electric-combined.csv.gz,ideal-relative-v1,False
116,2017-09,train,235.418642,True,7,Departamento,4,0.6149193548387096,0.2857142857142857,1.0,0.3333333333333333,0.63323732718894,Ineficiente,0.97948,0.991606,0.257102,1.0,230.587837,sensordata/home116_kitchen1156_sensor5497c5501_electric-mains_electric-combined.csv.gz,ideal-relative-v1,False
116,2017-10,train,261.62554,True,7,Departamento,5,0.7036290322580645,0.2857142857142857,1.0,0.4166666666666667,0.698963133640553,Ineficiente,0.978875,0.977565,0.259471,0.935484,256.098725,sensordata/home116_kitchen1156_sensor5497c5501_electric-mains_electric-combined.csv.gz,ideal-relative-v1,False
116,2017-11,train,267.571414,True,7,Departamento,5,0.7318548387096774,0.2857142857142857,1.0,0.4166666666666667,0.7158986175115207,Ineficiente,0.983358,0.989065,0.255052,1.0,263.118497,sensordata/home116_kitchen1156_sensor5497c5501_electric-mains_electric-combined.csv.gz,ideal-relative-v1,False
116,2018-04,train,199.597839,False,7,Departamento,3,0.4657258064516129,0.2857142857142857,0.0,0.25,0.331221198156682,Eficiente,0.928522,0.969694,0.246608,0.833333,185.330983,sensordata/home116_kitchen1156_sensor5497c5501_electric-mains_electric-combined.csv.gz,ideal-relative-v1,False
117,2017-08,train,236.597188,False,5,Departamento,2,0.6189516129032258,0.06349206349206349,0.0,0.16666666666666666,0.39954557091653864,Moderado,0.964053,0.935466,0.207716,0.806452,228.092269,sensordata/home117_hall1198_sensor5867c5871_electric-mains_electric-combined.csv.gz,ideal-relative-v1,False
117,2017-10,train,265.877825,True,5,Departamento,4,0.7237903225806451,0.06349206349206349,1.0,0.3333333333333333,0.6874487967229903,Ineficiente,0.94803,0.917245,0.30336,0.83871,252.060208,sensordata/home117_hall1198_sensor5867c5871_electric-mains_electric-combined.csv.gz,ideal-relative-v1,False
117,2017-11,train,292.898312,True,5,Departamento,5,0.7963709677419355,0.06349206349206349,1.0,0.4166666666666667,0.7434971838197644,Ineficiente,0.974432,0.963352,0.328989,0.9,285.40963,sensordata/home117_hall1198_sensor5867c5871_electric-mains_electric-combined.csv.gz,ideal-relative-v1,False
118,2017-08,train,245.786479,False,6,Departamento,3,0.655241935483871,0.15873015873015872,0.0,0.25,0.4385816692268305,Moderado,0.92766,0.912121,0.165733,0.806452,228.006236,sensordata/home118_hall1162_sensor5540c5544_electric-mains_electric-combined.csv.gz,ideal-relative-v1,False
118,2017-10,train,232.497294,True,6,Departamento,2,0.5866935483870968,0.15873015873015872,1.0,0.16666666666666666,0.584952636968766,Moderado,0.965814,0.957092,0.313629,0.935484,224.549128,sensordata/home118_hall1162_sensor5540c5544_electric-mains_electric-combined.csv.gz,ideal-relative-v1,False
118,2017-11,train,189.782132,True,6,Departamento,2,0.4213709677419355,0.15873015873015872,1.0,0.16666666666666666,0.4857590885816693,Moderado,0.969457,0.979296,0.411813,1.0,183.98565,sensordata/home118_hall1162_sensor5540c5544_electric-mains_electric-combined.csv.gz,ideal-relative-v1,False
119,2017-07,test,214.467269,False,12,Departamento,3,0.5362903225806451,0.746031746031746,0.0,0.25,0.3965757808499743,Moderado,0.991895,0.993405,0.207033,1.0,212.728966,sensordata/home119_hall1210_sensor5991c5995_electric-mains_electric-combined.csv.gz,ideal-relative-v1,False
119,2017-08,test,257.134321,False,12,Departamento,4,0.6895161290322581,0.746031746031746,0.0,0.3333333333333333,0.5010112647209422,Moderado,0.993693,0.98147,0.187947,0.967742,255.512639,sensordata/home119_hall1210_sensor5991c5995_electric-mains_electric-combined.csv.gz,ideal-relative-v1,False
119,2017-09,test,263.196707,False,12,Departamento,4,0.7096774193548387,0.746031746031746,0.0,0.3333333333333333,0.5131080389144905,Moderado,0.995463,0.996785,0.20603,1.0,262.002675,sensordata/home119_hall1210_sensor5991c5995_electric-mains_electric-combined.csv.gz,ideal-relative-v1,False
119,2017-10,test,286.327254,False,12,Departamento,5,0.7862903225806451,0.746031746031746,0.0,0.4166666666666667,0.5715757808499743,Moderado,0.975644,0.954465,0.226047,0.903226,279.353552,sensordata/home119_hall1210_sensor5991c5995_electric-mains_electric-combined.csv.gz,ideal-relative-v1,False
119,2017-11,test,272.993093,False,12,Departamento,5,0.75,0.746031746031746,0.0,0.4166666666666667,0.5498015873015872,Moderado,0.993989,0.994313,0.238355,1.0,271.352185,sensordata/home119_hall1210_sensor5991c5995_electric-mains_electric-combined.csv.gz,ideal-relative-v1,False
119,2018-04,test,252.501698,False,12,Departamento,5,0.6854838709677419,0.746031746031746,0.0,0.4166666666666667,0.5110919098822324,Moderado,0.95153,0.98459,0.218027,0.9,240.262964,sensordata/home119_hall1210_sensor5991c5995_electric-mains_electric-combined.csv.gz,ideal-relative-v1,False
119,2018-06,test,191.793304,False,12,Departamento,3,0.43951612903225806,0.746031746031746,0.0,0.25,0.33851126472094206,Eficiente,0.936917,0.9551,0.200226,0.866667,179.694491,sensordata/home119_hall1210_sensor5991c5995_electric-mains_electric-combined.csv.gz,ideal-relative-v1,False
120,2017-07,train,145.445817,False,7,Casa,1,0.04644808743169399,0.1,0.0,0.08333333333333333,0.045368852459016396,Eficiente,0.98517,0.972784,0.185597,0.967742,143.288892,sensordata/home120_hall1172_sensor5622c5626_electric-mains_electric-combined.csv.gz,ideal-relative-v1,False
120,2017-08,train,143.253313,False,7,Casa,1,0.040983606557377046,0.1,0.0,0.08333333333333333,0.04209016393442623,Eficiente,0.98727,0.975829,0.176165,0.967742,141.429647,sensordata/home120_hall1172_sensor5622c5626_electric-mains_electric-combined.csv.gz,ideal-relative-v1,False
120,2017-09,train,128.797552,False,7,Casa,0,0.01366120218579235,0.1,0.0,0.0,0.01319672131147541,Eficiente,0.977965,0.984979,0.20612,0.966667,125.959434,sensordata/home120_hall1172_sensor5622c5626_electric-mains_electric-combined.csv.gz,ideal-relative-v1,False
120,2017-10,train,140.689686,False,7,Casa,1,0.030054644808743168,0.1,0.0,0.08333333333333333,0.0355327868852459,Eficiente,0.973323,0.97515,0.217334,0.935484,136.936545,sensordata/home120_hall1172_sensor5622c5626_electric-mains_electric-combined.csv.gz,ideal-relative-v1,False
120,2017-11,train,158.357293,False,7,Casa,2,0.07377049180327869,0.1,0.0,0.16666666666666666,0.07426229508196722,Eficiente,0.983115,0.992229,0.24984,1.0,155.683426,sensordata/home120_hall1172_sensor5622c5626_electric-mains_electric-combined.csv.gz,ideal-relative-v1,False
120,2018-03,train,197.551946,False,7,Casa,3,0.1557377049180328,0.1,0.0,0.25,0.13594262295081969,Eficiente,0.918711,0.957036,0.238274,0.83871,181.493133,sensordata/home120_hall1172_sensor5622c5626_electric-mains_electric-combined.csv.gz,ideal-relative-v1,False
120,2018-04,train,150.329913,False,7,Casa,2,0.05737704918032787,0.1,0.0,0.16666666666666666,0.06442622950819672,Eficiente,0.951087,0.983113,0.202455,0.9,142.976796,sensordata/home120_hall1172_sensor5622c5626_electric-mains_electric-combined.csv.gz,ideal-relative-v1,False
121,2017-07,train,131.526127,False,7,Departamento,1,0.15524193548387097,0.2857142857142857,0.0,0.08333333333333333,0.11993087557603686,Eficiente,0.948224,0.971313,0.164139,0.83871,124.716272,sensordata/home121_hall1174_sensor5648c5652_electric-mains_electric-combined.csv.gz,ideal-relative-v1,False
122,2017-07,test,379.192211,False,10,Departamento,8,0.9395161290322581,0.6190476190476191,0.0,0.6666666666666666,0.6946620583717358,Ineficiente,0.979016,0.968022,0.212428,0.935484,371.235178,sensordata/home122_hall1218_sensor6049c6053_electric-mains_electric-combined.csv.gz,ideal-relative-v1,False
122,2017-08,test,512.696841,True,10,Departamento,11,0.9959677419354839,0.6190476190476191,1.0,0.9166666666666666,0.9660330261136713,Ineficiente,0.977532,0.951548,0.319711,0.935484,501.177624,sensordata/home122_hall1218_sensor6049c6053_electric-mains_electric-combined.csv.gz,ideal-relative-v1,False
122,2017-09,test,488.840785,True,10,Departamento,11,0.9959677419354839,0.6190476190476191,1.0,0.9166666666666666,0.9660330261136713,Ineficiente,0.974505,0.952141,0.280521,0.9,476.377797,sensordata/home122_hall1218_sensor6049c6053_electric-mains_electric-combined.csv.gz,ideal-relative-v1,False
122,2017-10,test,501.067832,True,10,Departamento,10,0.9959677419354839,0.6190476190476191,1.0,0.8333333333333334,0.9535330261136713,Ineficiente,0.973082,0.948472,0.299269,0.83871,487.580289,sensordata/home122_hall1218_sensor6049c6053_electric-mains_electric-combined.csv.gz,ideal-relative-v1,False
122,2018-03,test,505.024581,False,10,Departamento,13,0.9959677419354839,0.6190476190476191,0.0,1.0,0.7785330261136713,Ineficiente,0.918975,0.955703,0.170494,0.806452,464.104902,sensordata/home122_hall1218_sensor6049c6053_electric-mains_electric-combined.csv.gz,ideal-relative-v1,False
122,2018-04,test,500.002503,False,10,Departamento,10,0.9959677419354839,0.6190476190476191,0.0,0.8333333333333334,0.7535330261136712,Ineficiente,0.952282,0.985502,0.174612,0.933333,476.143202,sensordata/home122_hall1218_sensor6049c6053_electric-mains_electric-combined.csv.gz,ideal-relative-v1,False
122,2018-06,test,460.138041,False,10,Departamento,7,0.9959677419354839,0.6190476190476191,0.0,0.5833333333333334,0.7160330261136713,Ineficiente,0.943524,0.96225,0.207959,0.866667,434.151071,sensordata/home122_hall1218_sensor6049c6053_electric-mains_electric-combined.csv.gz,ideal-relative-v1,False
123,2017-07,train,234.951126,True,10,Departamento,3,0.6028225806451613,0.6190476190476191,1.0,0.25,0.6301459293394777,Ineficiente,0.99522,0.990824,0.301178,1.0,233.828038,sensordata/home123_hall1226_sensor6139c6143_electric-mains_electric-combined.csv.gz,ideal-relative-v1,False
123,2017-08,train,272.31619,True,10,Departamento,4,0.7439516129032258,0.6190476190476191,1.0,0.3333333333333333,0.7273233486943165,Ineficiente,0.957894,0.943613,0.316012,0.903226,260.850116,sensordata/home123_hall1226_sensor6139c6143_electric-mains_electric-combined.csv.gz,ideal-relative-v1,False
123,2017-09,train,256.428763,True,10,Departamento,4,0.6875,0.6190476190476191,1.0,0.3333333333333333,0.693452380952381,Ineficiente,0.976836,0.98106,0.382331,1.0,250.488757,sensordata/home123_hall1226_sensor6139c6143_electric-mains_electric-combined.csv.gz,ideal-relative-v1,False
123,2017-10,train,328.124931,True,10,Departamento,6,0.8366935483870968,0.6190476190476191,1.0,0.5,0.8079685099846389,Ineficiente,0.988088,0.982119,0.317338,0.935484,324.216305,sensordata/home123_hall1226_sensor6139c6143_electric-mains_electric-combined.csv.gz,ideal-relative-v1,False
123,2017-11,train,371.622515,True,10,Departamento,8,0.9173387096774194,0.6190476190476191,1.0,0.6666666666666666,0.8813556067588326,Ineficiente,0.947674,0.934275,0.304006,0.933333,352.176994,sensordata/home123_hall1226_sensor6139c6143_electric-mains_electric-combined.csv.gz,ideal-relative-v1,False
123,2018-04,train,276.129136,True,10,Departamento,5,0.7520161290322581,0.6190476190476191,1.0,0.4166666666666667,0.7446620583717358,Ineficiente,0.946937,0.972641,0.29822,0.9,261.476927,sensordata/home123_hall1226_sensor6139c6143_electric-mains_electric-combined.csv.gz,ideal-relative-v1,False
123,2018-06,train,291.125558,True,10,Departamento,4,0.7923387096774194,0.6190476190476191,1.0,0.3333333333333333,0.7563556067588326,Ineficiente,0.945745,0.965576,0.303786,0.866667,275.330649,sensordata/home123_hall1226_sensor6139c6143_electric-mains_electric-combined.csv.gz,ideal-relative-v1,False
124,2017-07,train,239.687517,False,9,Departamento,4,0.6350806451612904,0.5,0.0,0.3333333333333333,0.4560483870967742,Moderado,0.973429,0.976288,0.21115,1.0,233.318849,sensordata/home124_hall1237_sensor6211c6215_electric-mains_electric-combined.csv.gz,ideal-relative-v1,False
124,2017-08,train,227.224318,False,9,Departamento,3,0.5745967741935484,0.5,0.0,0.25,0.407258064516129,Moderado,0.972771,0.954931,0.121666,0.967742,221.037155,sensordata/home124_hall1237_sensor6211c6215_electric-mains_electric-combined.csv.gz,ideal-relative-v1,False
124,2017-09,train,232.685508,False,9,Departamento,4,0.5907258064516129,0.5,0.0,0.3333333333333333,0.42943548387096775,Moderado,0.966657,0.972032,0.223785,0.933333,224.92717,sensordata/home124_hall1237_sensor6211c6215_electric-mains_electric-combined.csv.gz,ideal-relative-v1,False
124,2017-10,train,270.44658,False,9,Departamento,5,0.7358870967741935,0.5,0.0,0.4166666666666667,0.529032258064516,Moderado,0.959472,0.960385,0.248989,0.935484,259.48593,sensordata/home124_hall1237_sensor6211c6215_electric-mains_electric-combined.csv.gz,ideal-relative-v1,False
124,2017-11,train,248.496363,False,9,Departamento,4,0.6633064516129032,0.5,0.0,0.3333333333333333,0.47298387096774197,Moderado,0.971385,0.991356,0.244526,1.0,241.385743,sensordata/home124_hall1237_sensor6211c6215_electric-mains_electric-combined.csv.gz,ideal-relative-v1,False
124,2018-04,train,221.931082,False,9,Departamento,4,0.5584677419354839,0.5,0.0,0.3333333333333333,0.41008064516129034,Moderado,0.918447,0.956609,0.095336,0.9,203.831969,sensordata/home124_hall1237_sensor6211c6215_electric-mains_electric-combined.csv.gz,ideal-relative-v1,False
125,2017-07,test,103.45928,True,8,Departamento,1,0.07661290322580645,0.38095238095238093,1.0,0.08333333333333333,0.2775153609831029,Eficiente,0.969099,0.961064,0.274025,0.935484,100.262294,sensordata/home125_hall1244_sensor6266c6270_electric-mains_electric-combined.csv.gz,ideal-relative-v1,False
125,2017-08,test,131.737446,True,8,Departamento,2,0.15725806451612903,0.38095238095238093,1.0,0.16666666666666666,0.3384024577572965,Eficiente,0.970108,0.964619,0.291923,0.967742,127.799487,sensordata/home125_hall1244_sensor6266c6270_electric-mains_electric-combined.csv.gz,ideal-relative-v1,False
125,2017-09,test,144.426724,True,8,Departamento,2,0.1975806451612903,0.38095238095238093,1.0,0.16666666666666666,0.36259600614439325,Eficiente,0.966448,0.979153,0.305362,0.966667,139.580907,sensordata/home125_hall1244_sensor6266c6270_electric-mains_electric-combined.csv.gz,ideal-relative-v1,False
125,2017-11,test,173.42952,True,8,Departamento,2,0.3346774193548387,0.38095238095238093,1.0,0.16666666666666666,0.44485407066052224,Moderado,0.976368,0.990963,0.300212,1.0,169.33111,sensordata/home125_hall1244_sensor6266c6270_electric-mains_electric-combined.csv.gz,ideal-relative-v1,False
125,2018-04,test,166.894932,True,8,Departamento,3,0.31048387096774194,0.38095238095238093,1.0,0.25,0.4428379416282642,Moderado,0.939586,0.977421,0.274581,0.9,156.812211,sensordata/home125_hall1244_sensor6266c6270_electric-mains_electric-combined.csv.gz,ideal-relative-v1,False
125,2018-06,test,138.080102,False,8,Departamento,2,0.1814516129032258,0.38095238095238093,0.0,0.16666666666666666,0.15291858678955456,Eficiente,0.915383,0.944792,0.219742,0.8,126.396192,sensordata/home125_hall1244_sensor6266c6270_electric-mains_electric-combined.csv.gz,ideal-relative-v1,False
126,2018-04,train,260.30301,False,12,Casa,3,0.38524590163934425,0.58,0.0,0.25,0.2976475409836066,Eficiente,0.931386,0.956759,0.198808,0.8,242.442527,sensordata/home126_hall1183_sensor5718c5722_electric-mains_electric-combined.csv.gz,ideal-relative-v1,False
129,2017-07,train,273.303275,True,9,Casa,3,0.43989071038251365,0.24,1.0,0.25,0.5134344262295082,Moderado,0.972475,0.958808,0.260296,0.83871,265.780701,sensordata/home129_hall1190_sensor5809c5811_electric-mains_electric-combined.csv.gz,ideal-relative-v1,False
129,2017-08,train,276.458408,False,9,Casa,4,0.4726775956284153,0.24,0.0,0.3333333333333333,0.3456065573770492,Eficiente,0.978474,0.956971,0.249855,0.935484,270.507492,sensordata/home129_hall1190_sensor5809c5811_electric-mains_electric-combined.csv.gz,ideal-relative-v1,False
135,2017-07,train,123.355692,False,8,Departamento,0,0.12298387096774194,0.38095238095238093,0.0,0.0,0.09283794162826421,Eficiente,0.962237,0.957406,0.224275,0.83871,118.697384,sensordata/home135_hall1281_sensor6562c6566_electric-mains_electric-combined.csv.gz,ideal-relative-v1,False
135,2017-08,train,140.993427,False,8,Departamento,1,0.1875,0.38095238095238093,0.0,0.08333333333333333,0.14404761904761904,Eficiente,0.985927,0.966803,0.204067,0.967742,139.009286,sensordata/home135_hall1281_sensor6562c6566_electric-mains_electric-combined.csv.gz,ideal-relative-v1,False
135,2017-11,train,163.636172,True,8,Departamento,1,0.2923387096774194,0.38095238095238093,1.0,0.08333333333333333,0.4069508448540707,Moderado,0.986799,0.98216,0.267602,0.966667,161.476074,sensordata/home135_hall1281_sensor6562c6566_electric-mains_electric-combined.csv.gz,ideal-relative-v1,False
135,2018-03,train,180.4255,True,8,Departamento,1,0.37298387096774194,0.38095238095238093,1.0,0.08333333333333333,0.45533794162826424,Moderado,0.912186,0.939559,0.271876,0.806452,164.581675,sensordata/home135_hall1281_sensor6562c6566_electric-mains_electric-combined.csv.gz,ideal-relative-v1,False
135,2018-04,train,167.272693,True,8,Departamento,2,0.3165322580645161,0.38095238095238093,1.0,0.16666666666666666,0.4339669738863287,Moderado,0.950454,0.982669,0.267457,0.9,158.98495,sensordata/home135_hall1281_sensor6562c6566_electric-mains_electric-combined.csv.gz,ideal-relative-v1,False
135,2018-06,train,132.259604,True,8,Departamento,1,0.1592741935483871,0.38095238095238093,1.0,0.08333333333333333,0.32711213517665133,Eficiente,0.939,0.953197,0.27168,0.833333,124.191717,sensordata/home135_hall1281_sensor6562c6566_electric-mains_electric-combined.csv.gz,ideal-relative-v1,False
136,2017-07,train,314.835604,False,10,Departamento,6,0.8286290322580645,0.6190476190476191,0.0,0.5,0.6031298003072196,Moderado,0.993769,0.996198,0.192936,1.0,312.873759,sensordata/home136_hall1287_sensor6597c6601_electric-mains_electric-combined.csv.gz,ideal-relative-v1,False
136,2017-08,train,301.811809,False,10,Departamento,6,0.8165322580645161,0.6190476190476191,0.0,0.5,0.5958717357910905,Moderado,0.991915,0.979673,0.181756,0.967742,299.371533,sensordata/home136_hall1287_sensor6597c6601_electric-mains_electric-combined.csv.gz,ideal-relative-v1,False
136,2017-09,train,293.375979,False,10,Departamento,6,0.8044354838709677,0.6190476190476191,0.0,0.5,0.5886136712749616,Moderado,0.996769,0.996942,0.203722,1.0,292.428054,sensordata/home136_hall1287_sensor6597c6601_electric-mains_electric-combined.csv.gz,ideal-relative-v1,False
136,2017-10,train,267.045555,False,10,Departamento,4,0.7278225806451613,0.6190476190476191,0.0,0.3333333333333333,0.5176459293394777,Moderado,0.986348,0.98101,0.206676,0.935484,263.399716,sensordata/home136_hall1287_sensor6597c6601_electric-mains_electric-combined.csv.gz,ideal-relative-v1,False
136,2017-11,train,285.840126,False,10,Departamento,6,0.780241935483871,0.6190476190476191,0.0,0.5,0.5740975422427035,Moderado,0.993467,0.996345,0.193294,1.0,283.972791,sensordata/home136_hall1287_sensor6597c6601_electric-mains_electric-combined.csv.gz,ideal-relative-v1,False
136,2018-03,train,361.703341,False,10,Departamento,9,0.8891129032258065,0.6190476190476191,0.0,0.75,0.6769201228878649,Ineficiente,0.915313,0.952077,0.231794,0.83871,331.071741,sensordata/home136_hall1287_sensor6597c6601_electric-mains_electric-combined.csv.gz,ideal-relative-v1,False
136,2018-04,train,251.705374,False,10,Departamento,5,0.6794354838709677,0.6190476190476191,0.0,0.4166666666666667,0.5011136712749615,Moderado,0.948364,0.979778,0.179653,0.9,238.708365,sensordata/home136_hall1287_sensor6597c6601_electric-mains_electric-combined.csv.gz,ideal-relative-v1,False
139,2017-11,train,126.361528,False,8,Departamento,0,0.13911290322580644,0.38095238095238093,0.0,0.0,0.1025153609831029,Eficiente,0.975292,0.985155,0.227965,0.9,123.239345,sensordata/home139_hall1313_sensor6798c6802_electric-mains_electric-combined.csv.gz,ideal-relative-v1,False
139,2018-03,train,144.775399,False,8,Departamento,1,0.20362903225806453,0.38095238095238093,0.0,0.08333333333333333,0.15372503840245777,Eficiente,0.910822,0.95226,0.196941,0.83871,131.864581,sensordata/home139_hall1313_sensor6798c6802_electric-mains_electric-combined.csv.gz,ideal-relative-v1,False
139,2018-04,train,125.212116,False,8,Departamento,1,0.1350806451612903,0.38095238095238093,0.0,0.08333333333333333,0.11259600614439323,Eficiente,0.925029,0.946356,0.18753,0.866667,115.82483,sensordata/home139_hall1313_sensor6798c6802_electric-mains_electric-combined.csv.gz,ideal-relative-v1,False
144,2017-08,train,414.954885,False,17,Departamento,13,0.9657258064516129,0.9603174603174603,0.0,1.0,0.7774513568868407,Ineficiente,0.987685,0.965381,0.176501,0.935484,409.844793,sensordata/home144_hall1337_sensor7029c7033_electric-mains_electric-combined.csv.gz,ideal-relative-v1,False
144,2017-09,train,417.922141,False,17,Departamento,14,0.9778225806451613,0.9603174603174603,0.0,1.0,0.7847094214029698,Ineficiente,0.990408,0.9785,0.217651,0.933333,413.913345,sensordata/home144_hall1337_sensor7029c7033_electric-mains_electric-combined.csv.gz,ideal-relative-v1,False
144,2017-10,train,429.181282,False,17,Departamento,13,0.9858870967741935,0.9603174603174603,0.0,1.0,0.7895481310803891,Ineficiente,0.981362,0.970547,0.213691,0.870968,421.182379,sensordata/home144_hall1337_sensor7029c7033_electric-mains_electric-combined.csv.gz,ideal-relative-v1,False
145,2018-04,test,170.533533,False,7,Departamento,3,0.3225806451612903,0.2857142857142857,0.0,0.25,0.24533410138248848,Eficiente,0.930476,0.967954,0.216536,0.9,158.677439,sensordata/home145_hall1345_sensor7121c7125_electric-mains_electric-combined.csv.gz,ideal-relative-v1,False
145,2018-06,test,144.896886,False,7,Departamento,2,0.2056451612903226,0.2857142857142857,0.0,0.16666666666666666,0.16267281105990783,Eficiente,0.920915,0.942176,0.188961,0.8,133.437733,sensordata/home145_hall1345_sensor7121c7125_electric-mains_electric-combined.csv.gz,ideal-relative-v1,False
146,2017-08,test,712.385334,False,16,Casa,19,1.0,0.95,0.0,1.0,0.7975,Ineficiente,0.989516,0.976819,0.191329,0.967742,704.916778,sensordata/home146_other1356_sensor7181c7185_electric-mains_electric-combined.csv.gz,ideal-relative-v1,False
146,2017-09,test,694.99644,False,16,Casa,21,0.994535519125683,0.95,0.0,1.0,0.7942213114754099,Ineficiente,0.984682,0.980613,0.187489,1.0,684.350553,sensordata/home146_other1356_sensor7181c7185_electric-mains_electric-combined.csv.gz,ideal-relative-v1,False
146,2017-10,test,610.451335,False,16,Casa,20,0.994535519125683,0.95,0.0,1.0,0.7942213114754099,Ineficiente,0.982243,0.976259,0.202203,0.935484,599.611385,sensordata/home146_other1356_sensor7181c7185_electric-mains_electric-combined.csv.gz,ideal-relative-v1,False
146,2017-11,test,812.264787,False,16,Casa,24,1.0,0.95,0.0,1.0,0.7975,Ineficiente,0.979921,0.971294,0.212742,0.866667,795.954936,sensordata/home146_other1356_sensor7181c7185_electric-mains_electric-combined.csv.gz,ideal-relative-v1,False
147,2017-08,train,377.129843,False,12,Departamento,9,0.9334677419354839,0.746031746031746,0.0,0.75,0.7098822324628776,Ineficiente,0.986179,0.974845,0.182885,0.903226,371.917555,sensordata/home147_hall1365_sensor7287c7291_electric-mains_electric-combined.csv.gz,ideal-relative-v1,False
147,2017-09,train,365.59434,False,12,Departamento,9,0.8971774193548387,0.746031746031746,0.0,0.75,0.6881080389144906,Ineficiente,0.990255,0.989769,0.174224,0.966667,362.03177,sensordata/home147_hall1365_sensor7287c7291_electric-mains_electric-combined.csv.gz,ideal-relative-v1,False
147,2017-10,train,353.521325,False,12,Departamento,7,0.8810483870967742,0.746031746031746,0.0,0.5833333333333334,0.6534306195596519,Ineficiente,0.975228,0.961071,0.187419,0.806452,344.763961,sensordata/home147_hall1365_sensor7287c7291_electric-mains_electric-combined.csv.gz,ideal-relative-v1,False
147,2017-11,train,296.892147,False,12,Departamento,4,0.8125,0.746031746031746,0.0,0.3333333333333333,0.5748015873015873,Moderado,0.97207,0.970759,0.17852,0.833333,288.599899,sensordata/home147_hall1365_sensor7287c7291_electric-mains_electric-combined.csv.gz,ideal-relative-v1,False
148,2017-08,train,229.698902,True,9,Departamento,4,0.5786290322580645,0.5,1.0,0.3333333333333333,0.6221774193548387,Ineficiente,0.964953,0.949173,0.299358,0.83871,221.648635,sensordata/home148_hall1372_sensor7329c7333_electric-mains_electric-combined.csv.gz,ideal-relative-v1,False
151,2017-08,train,303.957542,False,15,Casa,4,0.5819672131147541,0.89,0.0,0.3333333333333333,0.4436803278688524,Moderado,0.975142,0.96218,0.22806,0.935484,296.401728,sensordata/home151_hall1397_sensor7543c7547_electric-mains_electric-combined.csv.gz,ideal-relative-v1,False
151,2017-09,train,276.154521,False,15,Casa,3,0.4672131147540984,0.89,0.0,0.25,0.362327868852459,Eficiente,0.986042,0.98553,0.239772,0.966667,272.299864,sensordata/home151_hall1397_sensor7543c7547_electric-mains_electric-combined.csv.gz,ideal-relative-v1,False
151,2017-10,train,302.840445,False,15,Casa,4,0.5710382513661202,0.89,0.0,0.3333333333333333,0.43712295081967206,Moderado,0.972329,0.94515,0.249882,0.870968,294.460504,sensordata/home151_hall1397_sensor7543c7547_electric-mains_electric-combined.csv.gz,ideal-relative-v1,False
151,2017-11,train,320.482828,False,15,Casa,5,0.674863387978142,0.89,0.0,0.4166666666666667,0.5119180327868852,Moderado,0.987113,0.990137,0.247829,0.966667,316.352902,sensordata/home151_hall1397_sensor7543c7547_electric-mains_electric-combined.csv.gz,ideal-relative-v1,False
151,2018-03,train,330.343339,True,15,Casa,5,0.7404371584699454,0.89,1.0,0.4166666666666667,0.7512622950819672,Ineficiente,0.91486,0.952829,0.260704,0.806452,302.217842,sensordata/home151_hall1397_sensor7543c7547_electric-mains_electric-combined.csv.gz,ideal-relative-v1,False
151,2018-04,train,289.224829,False,15,Casa,4,0.5273224043715847,0.89,0.0,0.3333333333333333,0.4108934426229508,Moderado,0.947535,0.981086,0.240743,0.9,274.050679,sensordata/home151_hall1397_sensor7543c7547_electric-mains_electric-combined.csv.gz,ideal-relative-v1,False
151,2018-06,train,266.929573,False,15,Casa,3,0.40710382513661203,0.89,0.0,0.25,0.3262622950819672,Eficiente,0.938949,0.955963,0.226279,0.866667,250.633276,sensordata/home151_hall1397_sensor7543c7547_electric-mains_electric-combined.csv.gz,ideal-relative-v1,False
156,2017-08,train,455.668732,False,14,Departamento,8,0.9939516129032258,0.8968253968253969,0.0,0.6666666666666666,0.7412122375832053,Ineficiente,0.987074,0.97287,0.248122,0.967742,449.778587,sensordata/home156_hall1443_sensor7906c7910_electric-mains_electric-combined.csv.gz,ideal-relative-v1,False
156,2017-11,train,646.300117,False,14,Departamento,19,0.9979838709677419,0.8968253968253969,0.0,1.0,0.793631592421915,Ineficiente,0.956494,0.969458,0.187905,0.9,618.182072,sensordata/home156_hall1443_sensor7906c7910_electric-mains_electric-combined.csv.gz,ideal-relative-v1,False
157,2017-10,train,282.80363,False,8,Departamento,7,0.7721774193548387,0.38095238095238093,0.0,0.5833333333333334,0.5698540706605223,Moderado,0.942526,0.953851,0.241287,0.83871,266.549697,sensordata/home157_livingroom1611_sensor9304c9308_electric-mains_electric-combined.csv.gz,ideal-relative-v1,False
157,2017-11,train,289.870469,True,8,Departamento,8,0.7883064516129032,0.38095238095238093,1.0,0.6666666666666666,0.792031490015361,Ineficiente,0.956358,0.969093,0.260483,0.8,277.220061,sensordata/home157_livingroom1611_sensor9304c9308_electric-mains_electric-combined.csv.gz,ideal-relative-v1,False
158,2017-08,train,200.961316,False,14,Departamento,3,0.4737903225806452,0.8968253968253969,0.0,0.25,0.36661546338965695,Moderado,0.961532,0.955634,0.222836,0.903226,193.230638,sensordata/home158_hall1453_sensor7975c7979_electric-mains_electric-combined.csv.gz,ideal-relative-v1,False
158,2017-09,train,183.186883,True,14,Departamento,3,0.3850806451612903,0.8968253968253969,1.0,0.25,0.5133896569380441,Moderado,0.962224,0.969178,0.275502,0.933333,176.266843,sensordata/home158_hall1453_sensor7975c7979_electric-mains_electric-combined.csv.gz,ideal-relative-v1,False
158,2017-10,train,188.771958,True,14,Departamento,2,0.4092741935483871,0.8968253968253969,1.0,0.16666666666666666,0.5154057859703021,Moderado,0.958635,0.961402,0.279042,0.903226,180.963401,sensordata/home158_hall1453_sensor7975c7979_electric-mains_electric-combined.csv.gz,ideal-relative-v1,False
158,2017-11,train,244.615238,True,14,Departamento,3,0.6431451612903226,0.8968253968253969,1.0,0.25,0.6682283666154634,Ineficiente,0.964846,0.974088,0.297086,0.966667,236.015955,sensordata/home158_hall1453_sensor7975c7979_electric-mains_electric-combined.csv.gz,ideal-relative-v1,False
158,2018-04,train,245.152665,True,14,Departamento,4,0.6471774193548387,0.8968253968253969,1.0,0.3333333333333333,0.6831477214541732,Ineficiente,0.906906,0.948655,0.287823,0.8,222.330484,sensordata/home158_hall1453_sensor7975c7979_electric-mains_electric-combined.csv.gz,ideal-relative-v1,False
159,2017-08,test,199.256545,False,6,Departamento,2,0.4637096774193548,0.15873015873015872,0.0,0.16666666666666666,0.3111623143881208,Eficiente,0.987621,0.974924,0.232835,0.967742,196.789942,sensordata/home159_other1457_sensor8000c8004_electric-mains_electric-combined.csv.gz,ideal-relative-v1,False
159,2017-09,test,188.69181,False,6,Departamento,2,0.40725806451612906,0.15873015873015872,0.0,0.16666666666666666,0.2772913466461854,Eficiente,0.988835,0.987396,0.237644,1.0,186.585042,sensordata/home159_other1457_sensor8000c8004_electric-mains_electric-combined.csv.gz,ideal-relative-v1,False
159,2017-10,test,190.764443,True,6,Departamento,2,0.4314516129032258,0.15873015873015872,1.0,0.16666666666666666,0.4918074756784434,Moderado,0.982758,0.979164,0.269529,0.903226,187.475357,sensordata/home159_other1457_sensor8000c8004_electric-mains_electric-combined.csv.gz,ideal-relative-v1,False
159,2017-11,test,194.969899,False,6,Departamento,2,0.4475806451612903,0.15873015873015872,0.0,0.16666666666666666,0.30148489503328213,Eficiente,0.993248,0.993653,0.232752,1.0,193.653551,sensordata/home159_other1457_sensor8000c8004_electric-mains_electric-combined.csv.gz,ideal-relative-v1,False
159,2018-04,test,187.173493,False,6,Departamento,1,0.4032258064516129,0.15873015873015872,0.0,0.08333333333333333,0.2623719918074756,Eficiente,0.949297,0.986076,0.200553,0.9,177.68332,sensordata/home159_other1457_sensor8000c8004_electric-mains_electric-combined.csv.gz,ideal-relative-v1,False
159,2018-06,test,199.788887,False,6,Departamento,2,0.46774193548387094,0.15873015873015872,0.0,0.16666666666666666,0.3135816692268305,Eficiente,0.936614,0.93969,0.195334,0.833333,187.125108,sensordata/home159_other1457_sensor8000c8004_electric-mains_electric-combined.csv.gz,ideal-relative-v1,False
160,2017-11,test,416.108468,True,16,Departamento,10,0.9717741935483871,0.9523809523809523,1.0,0.8333333333333334,0.9556835637480798,Ineficiente,0.971176,0.974248,0.260475,0.8,404.114687,sensordata/home160_utility1467_sensor8073c8077_electric-mains_electric-combined.csv.gz,ideal-relative-v1,False
160,2018-06,test,365.216155,False,16,Departamento,8,0.8951612903225806,0.9523809523809523,0.0,0.6666666666666666,0.6847158218125959,Ineficiente,0.923027,0.948289,0.19019,0.8,337.104515,sensordata/home160_utility1467_sensor8073c8077_electric-mains_electric-combined.csv.gz,ideal-relative-v1,False
161,2017-08,test,214.643804,False,7,Casa,3,0.21311475409836064,0.1,0.0,0.25,0.1703688524590164,Eficiente,0.981804,0.973168,0.196423,0.967742,210.738158,sensordata/home161_other1488_sensor8214c8218_electric-mains_electric-combined.csv.gz,ideal-relative-v1,False
161,2017-09,test,236.95602,False,7,Casa,4,0.3005464480874317,0.1,0.0,0.3333333333333333,0.23532786885245902,Eficiente,0.98964,0.993282,0.238798,1.0,234.501166,sensordata/home161_other1488_sensor8214c8218_electric-mains_electric-combined.csv.gz,ideal-relative-v1,False
161,2017-10,test,258.778479,False,7,Casa,4,0.37158469945355194,0.1,0.0,0.3333333333333333,0.27795081967213114,Eficiente,0.981825,0.979657,0.24327,0.935484,254.075117,sensordata/home161_other1488_sensor8214c8218_electric-mains_electric-combined.csv.gz,ideal-relative-v1,False
161,2017-11,test,265.336082,False,7,Casa,5,0.40437158469945356,0.1,0.0,0.4166666666666667,0.3101229508196721,Eficiente,0.98754,0.991794,0.242788,1.0,262.029925,sensordata/home161_other1488_sensor8214c8218_electric-mains_electric-combined.csv.gz,ideal-relative-v1,False
161,2018-04,test,328.37551,False,7,Casa,6,0.73224043715847,0.1,0.0,0.5,0.519344262295082,Moderado,0.934655,0.97775,0.174052,0.866667,306.917843,sensordata/home161_other1488_sensor8214c8218_electric-mains_electric-combined.csv.gz,ideal-relative-v1,False
161,2018-06,test,277.93904,False,7,Casa,5,0.48633879781420764,0.1,0.0,0.4166666666666667,0.3593032786885246,Eficiente,0.925048,0.945076,0.17634,0.866667,257.106908,sensordata/home161_other1488_sensor8214c8218_electric-mains_electric-combined.csv.gz,ideal-relative-v1,False
162,2017-11,train,355.743138,False,10,Departamento,6,0.8850806451612904,0.6190476190476191,0.0,0.5,0.6370007680491551,Ineficiente,0.983432,0.976586,0.196371,0.966667,349.849084,sensordata/home162_hall1618_sensor9347c9351_electric-mains_electric-combined.csv.gz,ideal-relative-v1,False
163,2017-09,test,185.821966,True,11,Casa,3,0.13114754098360656,0.45,1.0,0.25,0.33868852459016396,Eficiente,0.923408,0.90225,0.277,0.866667,171.589524,sensordata/home163_hall1625_sensor9458_electric-mains_electric-combined.csv.gz,ideal-relative-v1,False
164,2017-08,test,431.18084,False,10,Casa,11,0.9016393442622951,0.34,0.0,0.9166666666666666,0.695483606557377,Ineficiente,0.987721,0.974951,0.211501,0.967742,425.886222,sensordata/home164_other1489_sensor8225c8227_electric-mains_electric-combined.csv.gz,ideal-relative-v1,False
164,2017-09,test,431.243465,False,10,Casa,11,0.9016393442622951,0.34,0.0,0.9166666666666666,0.695483606557377,Ineficiente,0.991017,0.991046,0.222349,1.0,427.369594,sensordata/home164_other1489_sensor8225c8227_electric-mains_electric-combined.csv.gz,ideal-relative-v1,False
164,2017-11,test,454.383845,False,10,Casa,12,0.9508196721311475,0.34,0.0,1.0,0.7374918032786885,Ineficiente,0.982314,0.9875,0.223971,0.933333,446.347632,sensordata/home164_other1489_sensor8225c8227_electric-mains_electric-combined.csv.gz,ideal-relative-v1,False
164,2018-03,test,517.507908,False,10,Casa,16,0.9672131147540983,0.34,0.0,1.0,0.747327868852459,Ineficiente,0.906332,0.922177,0.212431,0.806452,469.034203,sensordata/home164_other1489_sensor8225c8227_electric-mains_electric-combined.csv.gz,ideal-relative-v1,False
164,2018-06,test,429.45757,False,10,Casa,12,0.9016393442622951,0.34,0.0,1.0,0.707983606557377,Ineficiente,0.945003,0.963282,0.210515,0.866667,405.838895,sensordata/home164_other1489_sensor8225c8227_electric-mains_electric-combined.csv.gz,ideal-relative-v1,False
165,2017-08,train,185.849123,False,12,Departamento,2,0.4012096774193548,0.746031746031746,0.0,0.16666666666666666,0.30302739375320015,Eficiente,0.983312,0.967977,0.202649,0.967742,182.747613,sensordata/home165_cupboard1501_sensor8320c8324_electric-mains_electric-combined.csv.gz,ideal-relative-v1,False
165,2017-09,train,157.257295,False,12,Departamento,1,0.2762096774193548,0.746031746031746,0.0,0.08333333333333333,0.2155273937532002,Eficiente,0.991126,0.990854,0.213548,1.0,155.861818,sensordata/home165_cupboard1501_sensor8320c8324_electric-mains_electric-combined.csv.gz,ideal-relative-v1,False
165,2017-10,train,175.648361,True,12,Departamento,2,0.34475806451612906,0.746031746031746,1.0,0.16666666666666666,0.4691564260112647,Moderado,0.974069,0.972872,0.303714,0.935484,171.093554,sensordata/home165_cupboard1501_sensor8320c8324_electric-mains_electric-combined.csv.gz,ideal-relative-v1,False
165,2017-11,train,191.307336,True,12,Departamento,3,0.4334677419354839,0.746031746031746,1.0,0.25,0.5348822324628776,Moderado,0.991881,0.993863,0.329567,1.0,189.754071,sensordata/home165_cupboard1501_sensor8320c8324_electric-mains_electric-combined.csv.gz,ideal-relative-v1,False
165,2018-04,train,156.54991,True,12,Departamento,1,0.2721774193548387,0.746031746031746,1.0,0.08333333333333333,0.4131080389144905,Moderado,0.936449,0.974653,0.276818,0.9,146.600958,sensordata/home165_cupboard1501_sensor8320c8324_electric-mains_electric-combined.csv.gz,ideal-relative-v1,False
165,2018-06,train,146.973373,False,12,Departamento,1,0.2157258064516129,0.746031746031746,0.0,0.08333333333333333,0.17923707117255505,Eficiente,0.930351,0.953921,0.246201,0.866667,136.73678,sensordata/home165_cupboard1501_sensor8320c8324_electric-mains_electric-combined.csv.gz,ideal-relative-v1,False
166,2017-09,test,290.80759,True,7,Casa,5,0.5300546448087432,0.1,1.0,0.4166666666666667,0.5855327868852459,Moderado,0.983571,0.974843,0.266071,0.966667,286.029908,sensordata/home166_other1515_sensor8403c8407_electric-mains_electric-combined.csv.gz,ideal-relative-v1,False
166,2017-10,test,297.642837,True,7,Casa,5,0.5519125683060109,0.1,1.0,0.4166666666666667,0.5986475409836065,Moderado,0.980745,0.968905,0.266449,0.935484,291.911825,sensordata/home166_other1515_sensor8403c8407_electric-mains_electric-combined.csv.gz,ideal-relative-v1,False
166,2017-11,test,334.606057,True,7,Casa,8,0.7595628415300546,0.1,1.0,0.6666666666666666,0.7607377049180327,Ineficiente,0.987769,0.981051,0.294595,1.0,330.513587,sensordata/home166_other1515_sensor8403c8407_electric-mains_electric-combined.csv.gz,ideal-relative-v1,False
166,2018-04,test,329.227371,True,7,Casa,7,0.7377049180327869,0.1,1.0,0.5833333333333334,0.7351229508196722,Ineficiente,0.941601,0.973079,0.253692,0.866667,310.000721,sensordata/home166_other1515_sensor8403c8407_electric-mains_electric-combined.csv.gz,ideal-relative-v1,False
168,2017-11,train,561.271599,True,16,Casa,13,0.9754098360655737,0.95,1.0,1.0,0.9827459016393443,Ineficiente,0.994925,0.992382,0.285613,1.0,558.423016,sensordata/home168_other1530_sensor8528c8532_electric-mains_electric-combined.csv.gz,ideal-relative-v1,False
169,2017-08,train,216.267608,True,18,Casa,3,0.22131147540983606,0.99,1.0,0.25,0.4197868852459016,Moderado,0.938289,0.938586,0.289905,0.903226,202.921416,sensordata/home169_kitchen1542_sensor8594c8600_electric-mains_electric-combined.csv.gz,ideal-relative-v1,False
169,2017-09,train,212.193602,True,18,Casa,3,0.20491803278688525,0.99,1.0,0.25,0.4099508196721311,Moderado,0.982719,0.977514,0.259544,1.0,208.526713,sensordata/home169_kitchen1542_sensor8594c8600_electric-mains_electric-combined.csv.gz,ideal-relative-v1,False
169,2017-11,train,215.6026,True,18,Casa,3,0.21584699453551912,0.99,1.0,0.25,0.41650819672131145,Moderado,0.992995,0.993132,0.333753,1.0,214.092384,sensordata/home169_kitchen1542_sensor8594c8600_electric-mains_electric-combined.csv.gz,ideal-relative-v1,False
170,2017-10,train,350.05671,True,12,Casa,7,0.8005464480874317,0.58,1.0,0.5833333333333334,0.796827868852459,Ineficiente,0.965772,0.950168,0.365762,0.870968,338.074904,sensordata/home170_hall1553_sensor8679c8681_electric-mains_electric-combined.csv.gz,ideal-relative-v1,False
170,2017-11,train,445.69662,True,12,Casa,9,0.9371584699453552,0.58,1.0,0.75,0.9037950819672133,Ineficiente,0.98152,0.972914,0.392263,0.9,437.460346,sensordata/home170_hall1553_sensor8679c8681_electric-mains_electric-combined.csv.gz,ideal-relative-v1,False
173,2017-10,train,378.054908,False,11,Casa,9,0.8497267759562842,0.45,0.0,0.75,0.6448360655737704,Ineficiente,0.986655,0.982202,0.174336,0.935484,373.009665,sensordata/home173_livingroom1587_sensor8933c8937_electric-mains_electric-combined.csv.gz,ideal-relative-v1,False
174,2017-09,train,573.830788,True,10,Casa,16,0.9863387978142076,0.34,1.0,1.0,0.9588032786885246,Ineficiente,0.979894,0.971174,0.257438,0.933333,562.293291,sensordata/home174_hall1591_sensor8945c8949_electric-mains_electric-combined.csv.gz,ideal-relative-v1,False
174,2017-10,train,566.32693,True,10,Casa,15,0.9808743169398907,0.34,1.0,1.0,0.9555245901639344,Ineficiente,0.981263,0.973221,0.26069,0.903226,555.715796,sensordata/home174_hall1591_sensor8945c8949_electric-mains_electric-combined.csv.gz,ideal-relative-v1,False
174,2017-11,train,608.644567,True,10,Casa,18,0.9918032786885246,0.34,1.0,1.0,0.9620819672131147,Ineficiente,0.987571,0.985169,0.28809,1.0,601.079481,sensordata/home174_hall1591_sensor8945c8949_electric-mains_electric-combined.csv.gz,ideal-relative-v1,False
175,2017-09,train,366.96403,True,17,Casa,7,0.8278688524590164,0.97,1.0,0.5833333333333334,0.8327213114754098,Ineficiente,0.97298,0.96363,0.262729,0.866667,357.04864,sensordata/home175_livingroom1635_sensor9490c9500_electric-mains_electric-combined.csv.gz,ideal-relative-v1,False
175,2017-10,train,376.11022,True,17,Casa,7,0.8442622950819673,0.97,1.0,0.5833333333333334,0.8425573770491804,Ineficiente,0.964264,0.951729,0.287901,0.806452,362.669538,sensordata/home175_livingroom1635_sensor9490c9500_electric-mains_electric-combined.csv.gz,ideal-relative-v1,False
175,2017-11,train,395.157109,True,17,Casa,7,0.8879781420765027,0.97,1.0,0.5833333333333334,0.8687868852459016,Ineficiente,0.974748,0.956812,0.2848,0.866667,385.178477,sensordata/home175_livingroom1635_sensor9490c9500_electric-mains_electric-combined.csv.gz,ideal-relative-v1,False
175,2018-04,train,366.214874,False,17,Casa,7,0.8169398907103825,0.97,0.0,0.5833333333333334,0.6261639344262295,Ineficiente,0.937797,0.976863,0.224829,0.866667,343.435235,sensordata/home175_livingroom1635_sensor9490c9500_electric-mains_electric-combined.csv.gz,ideal-relative-v1,False
176,2017-11,train,252.205158,True,6,Casa,4,0.3524590163934426,0.07,1.0,0.3333333333333333,0.46497540983606556,Moderado,0.966055,0.959556,0.25488,0.933333,243.644097,sensordata/home176_hall1643_sensor9549c9553_electric-mains_electric-combined.csv.gz,ideal-relative-v1,False
177,2017-09,test,288.818932,True,7,Departamento,6,0.7862903225806451,0.2857142857142857,1.0,0.5,0.7610599078341013,Ineficiente,0.987229,0.97887,0.258122,0.966667,285.130473,sensordata/home177_hall1671_sensor9782c9786_electric-mains_electric-combined.csv.gz,ideal-relative-v1,False
177,2017-10,test,283.080479,True,7,Departamento,6,0.7741935483870968,0.2857142857142857,1.0,0.5,0.7538018433179723,Ineficiente,0.9681,0.956694,0.256984,0.83871,274.050296,sensordata/home177_hall1671_sensor9782c9786_electric-mains_electric-combined.csv.gz,ideal-relative-v1,False
177,2017-11,test,308.368774,True,7,Departamento,7,0.8266129032258065,0.2857142857142857,1.0,0.5833333333333334,0.7977534562211982,Ineficiente,0.992195,0.98734,0.280479,0.966667,305.962023,sensordata/home177_hall1671_sensor9782c9786_electric-mains_electric-combined.csv.gz,ideal-relative-v1,False
177,2018-06,test,252.580326,False,7,Departamento,4,0.6854838709677419,0.2857142857142857,0.0,0.3333333333333333,0.4755760368663594,Moderado,0.94496,0.96534,0.244351,0.866667,238.678273,sensordata/home177_hall1671_sensor9782c9786_electric-mains_electric-combined.csv.gz,ideal-relative-v1,False
178,2017-09,train,219.642154,True,14,Casa,4,0.23770491803278687,0.8,1.0,0.3333333333333333,0.43262295081967206,Moderado,0.947631,0.958912,0.254145,0.8,208.139667,sensordata/home178_hall1681_sensor9863c9873_electric-mains_electric-combined.csv.gz,ideal-relative-v1,False
178,2017-11,train,287.617137,True,14,Casa,6,0.5163934426229508,0.8,1.0,0.5,0.6248360655737705,Ineficiente,0.982776,0.980778,0.274351,0.966667,282.663176,sensordata/home178_hall1681_sensor9863c9873_electric-mains_electric-combined.csv.gz,ideal-relative-v1,False
178,2018-04,train,316.33697,False,14,Casa,7,0.6530054644808743,0.8,0.0,0.5833333333333334,0.5193032786885245,Moderado,0.939289,0.973215,0.217608,0.9,297.131947,sensordata/home178_hall1681_sensor9863c9873_electric-mains_electric-combined.csv.gz,ideal-relative-v1,False
178,2018-06,train,277.709526,False,14,Casa,6,0.48360655737704916,0.8,0.0,0.5,0.40516393442622956,Moderado,0.928673,0.945403,0.232822,0.833333,257.901401,sensordata/home178_hall1681_sensor9863c9873_electric-mains_electric-combined.csv.gz,ideal-relative-v1,False
179,2017-09,test,98.563504,False,8,Departamento,0,0.07661290322580645,0.38095238095238093,0.0,0.0,0.06501536098310293,Eficiente,0.968611,0.974384,0.240202,1.0,95.469667,sensordata/home179_hall1655_sensor9650c9666_electric-mains_electric-combined.csv.gz,ideal-relative-v1,False
179,2017-10,test,166.563591,False,8,Departamento,1,0.3024193548387097,0.38095238095238093,0.0,0.08333333333333333,0.21299923195084486,Eficiente,0.96292,0.966989,0.24516,0.83871,160.387386,sensordata/home179_hall1655_sensor9650c9666_electric-mains_electric-combined.csv.gz,ideal-relative-v1,False
179,2017-11,test,103.2403,True,8,Departamento,0,0.07661290322580645,0.38095238095238093,1.0,0.0,0.2650153609831029,Eficiente,0.970056,0.974025,0.262725,1.0,100.148906,sensordata/home179_hall1655_sensor9650c9666_electric-mains_electric-combined.csv.gz,ideal-relative-v1,False
179,2018-04,test,157.346854,True,8,Departamento,1,0.2782258064516129,0.38095238095238093,1.0,0.08333333333333333,0.3984831029185868,Moderado,0.932715,0.968812,0.266103,0.9,146.759754,sensordata/home179_hall1655_sensor9650c9666_electric-mains_electric-combined.csv.gz,ideal-relative-v1,False
179,2018-06,test,163.454882,True,8,Departamento,1,0.2903225806451613,0.38095238095238093,1.0,0.08333333333333333,0.40574116743471583,Moderado,0.924323,0.953597,0.254636,0.8,151.08503,sensordata/home179_hall1655_sensor9650c9666_electric-mains_electric-combined.csv.gz,ideal-relative-v1,False
181,2017-09,train,433.693644,True,10,Casa,11,0.9043715846994536,0.34,1.0,0.9166666666666666,0.8971229508196722,Ineficiente,0.986675,0.987477,0.253876,1.0,427.914743,sensordata/home181_hall1690_sensor9952c9956_electric-mains_electric-combined.csv.gz,ideal-relative-v1,False
183,2017-11,train,211.484635,False,11,Casa,4,0.1994535519125683,0.45,0.0,0.3333333333333333,0.19217213114754098,Eficiente,0.982987,0.981947,0.249608,0.933333,207.886622,sensordata/home183_kitchen1709_sensor10127c10131_electric-mains_electric-combined.csv.gz,ideal-relative-v1,False
184,2017-09,train,238.906134,False,9,Casa,3,0.3087431693989071,0.24,0.0,0.25,0.23474590163934428,Eficiente,0.992507,0.992796,0.192058,1.0,237.116089,sensordata/home184_hall1722_sensor10180c10184_electric-mains_electric-combined.csv.gz,ideal-relative-v1,False
184,2017-10,train,267.835702,False,9,Casa,2,0.4180327868852459,0.24,0.0,0.16666666666666666,0.28781967213114756,Eficiente,0.985272,0.978819,0.244617,0.935484,263.891067,sensordata/home184_hall1722_sensor10180c10184_electric-mains_electric-combined.csv.gz,ideal-relative-v1,False
184,2017-11,train,283.382526,False,9,Casa,3,0.49453551912568305,0.24,0.0,0.25,0.3462213114754098,Eficiente,0.981766,0.994211,0.245498,0.933333,278.215387,sensordata/home184_hall1722_sensor10180c10184_electric-mains_electric-combined.csv.gz,ideal-relative-v1,False
184,2018-03,train,302.334896,False,9,Casa,3,0.5655737704918032,0.24,0.0,0.25,0.3888442622950819,Moderado,0.915205,0.952762,0.219496,0.83871,276.698257,sensordata/home184_hall1722_sensor10180c10184_electric-mains_electric-combined.csv.gz,ideal-relative-v1,False
184,2018-04,train,283.61769,False,9,Casa,3,0.5,0.24,0.0,0.25,0.3495,Eficiente,0.9496,0.984801,0.212276,0.9,269.323446,sensordata/home184_hall1722_sensor10180c10184_electric-mains_electric-combined.csv.gz,ideal-relative-v1,False
184,2018-06,train,251.808647,False,9,Casa,3,0.3469945355191257,0.24,0.0,0.25,0.2576967213114754,Eficiente,0.941277,0.961023,0.214448,0.866667,237.021689,sensordata/home184_hall1722_sensor10180c10184_electric-mains_electric-combined.csv.gz,ideal-relative-v1,False
185,2018-06,test,189.58176,False,8,Casa,3,0.14754098360655737,0.15,0.0,0.25,0.13352459016393442,Eficiente,0.917856,0.936194,0.238637,0.833333,174.008848,sensordata/home185_hall1734_sensor10230c10259_electric-mains_electric-combined.csv.gz,ideal-relative-v1,False
186,2017-10,train,173.072334,True,14,Casa,2,0.10109289617486339,0.8,1.0,0.16666666666666666,0.32565573770491807,Eficiente,0.982218,0.975056,0.368012,0.935484,169.994783,sensordata/home186_utility1773_sensor10626c10630_electric-mains_electric-combined.csv.gz,ideal-relative-v1,False
186,2017-11,train,228.368284,True,14,Casa,4,0.2923497267759563,0.8,1.0,0.3333333333333333,0.46540983606557373,Moderado,0.989478,0.986167,0.267596,0.933333,225.965395,sensordata/home186_utility1773_sensor10626c10630_electric-mains_electric-combined.csv.gz,ideal-relative-v1,False
186,2018-06,train,225.363663,False,14,Casa,4,0.27049180327868855,0.8,0.0,0.3333333333333333,0.2522950819672131,Eficiente,0.909973,0.93813,0.232271,0.833333,205.074934,sensordata/home186_utility1773_sensor10626c10630_electric-mains_electric-combined.csv.gz,ideal-relative-v1,False
188,2017-11,train,190.241362,True,6,Departamento,3,0.4254032258064516,0.15873015873015872,1.0,0.25,0.5006784434203789,Moderado,0.906973,0.915641,0.311382,0.8,172.543704,sensordata/home188_hall1750_sensor10384c10388_electric-mains_electric-combined.csv.gz,ideal-relative-v1,False
188,2018-04,train,175.775456,False,6,Departamento,2,0.3487903225806452,0.15873015873015872,0.0,0.16666666666666666,0.24221070148489504,Eficiente,0.928437,0.97459,0.248665,0.866667,163.196389,sensordata/home188_hall1750_sensor10384c10388_electric-mains_electric-combined.csv.gz,ideal-relative-v1,False
189,2017-11,train,279.73235,True,19,Departamento,5,0.7600806451612904,0.9920634920634921,1.0,0.4166666666666667,0.7681515616999488,Ineficiente,0.987299,0.975185,0.297719,0.966667,276.179576,sensordata/home189_hall1761_sensor10493c10497_electric-mains_electric-combined.csv.gz,ideal-relative-v1,False
189,2018-03,train,306.514102,True,19,Departamento,4,0.8245967741935484,0.9920634920634921,1.0,0.3333333333333333,0.7943612391193038,Ineficiente,0.916762,0.950417,0.271446,0.83871,281.000367,sensordata/home189_hall1761_sensor10493c10497_electric-mains_electric-combined.csv.gz,ideal-relative-v1,False
189,2018-04,train,286.222035,True,19,Departamento,4,0.7842741935483871,0.9920634920634921,1.0,0.3333333333333333,0.770167690732207,Ineficiente,0.951599,0.986623,0.289077,0.866667,272.368646,sensordata/home189_hall1761_sensor10493c10497_electric-mains_electric-combined.csv.gz,ideal-relative-v1,False
191,2017-10,train,233.4665,False,12,Casa,3,0.2978142076502732,0.58,0.0,0.25,0.24518852459016394,Eficiente,0.969522,0.970511,0.188908,0.935484,226.350908,sensordata/home191_hall1785_sensor10670c10674_electric-mains_electric-combined.csv.gz,ideal-relative-v1,False
191,2017-11,train,285.774778,False,12,Casa,4,0.5109289617486339,0.58,0.0,0.3333333333333333,0.38555737704918036,Moderado,0.979344,0.984648,0.192319,0.966667,279.871743,sensordata/home191_hall1785_sensor10670c10674_electric-mains_electric-combined.csv.gz,ideal-relative-v1,False
191,2018-04,train,227.099958,False,12,Casa,3,0.28688524590163933,0.58,0.0,0.25,0.2386311475409836,Eficiente,0.938956,0.978678,0.228377,0.8,213.236872,sensordata/home191_hall1785_sensor10670c10674_electric-mains_electric-combined.csv.gz,ideal-relative-v1,False
191,2018-06,train,225.731346,True,12,Casa,3,0.27595628415300544,0.58,1.0,0.25,0.4320737704918033,Moderado,0.937222,0.96181,0.263865,0.866667,211.560347,sensordata/home191_hall1785_sensor10670c10674_electric-mains_electric-combined.csv.gz,ideal-relative-v1,False
194,2017-10,test,116.996869,False,5,Departamento,1,0.10887096774193548,0.06349206349206349,0.0,0.08333333333333333,0.08099718381976447,Eficiente,0.962268,0.962672,0.182082,0.935484,112.582353,sensordata/home194_hall1813_sensor10897c10899_electric-mains_electric-combined.csv.gz,ideal-relative-v1,False
194,2017-11,test,111.69912,False,5,Departamento,1,0.10483870967741936,0.06349206349206349,0.0,0.08333333333333333,0.07857782898105478,Eficiente,0.970973,0.978565,0.164514,1.0,108.456829,sensordata/home194_hall1813_sensor10897c10899_electric-mains_electric-combined.csv.gz,ideal-relative-v1,False
194,2018-04,test,118.724292,False,5,Departamento,1,0.11693548387096774,0.06349206349206349,0.0,0.08333333333333333,0.08583589349718382,Eficiente,0.927777,0.965016,0.17048,0.9,110.149623,sensordata/home194_hall1813_sensor10897c10899_electric-mains_electric-combined.csv.gz,ideal-relative-v1,False
199,2017-11,test,798.781014,True,16,Casa,18,1.0,0.95,1.0,1.0,0.9975,Ineficiente,0.966124,0.953218,0.297388,0.8,771.721691,sensordata/home199_livingroom1852_sensor11113c11117_electric-mains_electric-combined.csv.gz,ideal-relative-v1,False
199,2018-04,test,725.143197,True,16,Casa,21,1.0,0.95,1.0,1.0,0.9975,Ineficiente,0.923942,0.954678,0.251097,0.8,669.99007,sensordata/home199_livingroom1852_sensor11113c11117_electric-mains_electric-combined.csv.gz,ideal-relative-v1,False
203,2017-10,test,207.060376,True,15,Casa,2,0.18579234972677597,0.89,1.0,0.16666666666666666,0.3809754098360656,Moderado,0.936893,0.948705,0.266268,0.870968,193.993337,sensordata/home203_livingroom1897_sensor11445c11449_electric-mains_electric-combined.csv.gz,ideal-relative-v1,False
203,2017-11,test,242.192043,True,15,Casa,3,0.31693989071038253,0.89,1.0,0.25,0.4721639344262295,Moderado,0.996047,0.995956,0.257287,1.0,241.234581,sensordata/home203_livingroom1897_sensor11445c11449_electric-mains_electric-combined.csv.gz,ideal-relative-v1,False
203,2018-03,test,242.363015,True,15,Casa,4,0.31693989071038253,0.89,1.0,0.3333333333333333,0.4846639344262295,Moderado,0.91945,0.957124,0.274509,0.83871,222.840596,sensordata/home203_livingroom1897_sensor11445c11449_electric-mains_electric-combined.csv.gz,ideal-relative-v1,False
203,2018-04,test,211.183469,True,15,Casa,3,0.19672131147540983,0.89,1.0,0.25,0.40003278688524585,Moderado,0.951184,0.986553,0.258336,0.9,200.874261,sensordata/home203_livingroom1897_sensor11445c11449_electric-mains_electric-combined.csv.gz,ideal-relative-v1,False
205,2017-11,train,171.529087,True,14,Departamento,1,0.3286290322580645,0.8968253968253969,1.0,0.08333333333333333,0.4545186891961086,Moderado,0.970392,0.981613,0.316103,1.0,166.450449,sensordata/home205_hall1921_sensor11715c11720_electric-mains_electric-combined.csv.gz,ideal-relative-v1,False
206,2017-11,train,306.185676,True,9,Casa,6,0.5983606557377049,0.24,1.0,0.5,0.6460163934426228,Ineficiente,0.984897,0.981375,0.289172,0.933333,301.561233,sensordata/home206_livingroom1910_sensor11569c11571_electric-mains_electric-combined.csv.gz,ideal-relative-v1,False
206,2018-04,train,309.69588,True,9,Casa,6,0.6202185792349727,0.24,1.0,0.5,0.6591311475409836,Ineficiente,0.938258,0.974141,0.258115,0.866667,290.574669,sensordata/home206_livingroom1910_sensor11569c11571_electric-mains_electric-combined.csv.gz,ideal-relative-v1,False
206,2018-06,train,273.618663,False,9,Casa,5,0.4453551912568306,0.24,0.0,0.4166666666666667,0.3417131147540984,Eficiente,0.934334,0.949451,0.225186,0.866667,255.651249,sensordata/home206_livingroom1910_sensor11569c11571_electric-mains_electric-combined.csv.gz,ideal-relative-v1,False
208,2017-11,train,342.329332,False,9,Departamento,5,0.8568548387096774,0.5,0.0,0.4166666666666667,0.6016129032258064,Moderado,0.980273,0.982301,0.203354,0.933333,335.576119,sensordata/home208_hall1934_sensor11831c11835_electric-mains_electric-combined.csv.gz,ideal-relative-v1,False
208,2018-06,train,220.982861,False,9,Departamento,2,0.5463709677419355,0.5,0.0,0.16666666666666666,0.37782258064516133,Moderado,0.93856,0.956759,0.192179,0.866667,207.405715,sensordata/home208_hall1934_sensor11831c11835_electric-mains_electric-combined.csv.gz,ideal-relative-v1,False
209,2017-11,train,95.307648,False,7,Departamento,0,0.0625,0.2857142857142857,0.0,0.0,0.05178571428571428,Eficiente,0.961299,0.962657,0.20041,1.0,91.61911,sensordata/home209_hall2062_sensor12899c12903_electric-mains_electric-combined.csv.gz,ideal-relative-v1,False
209,2018-06,train,106.920666,False,7,Departamento,0,0.08669354838709678,0.2857142857142857,0.0,0.0,0.06630184331797236,Eficiente,0.915921,0.935676,0.173936,0.833333,97.930833,sensordata/home209_hall2062_sensor12899c12903_electric-mains_electric-combined.csv.gz,ideal-relative-v1,False
211,2017-11,train,250.413297,True,8,Casa,4,0.3360655737704918,0.15,1.0,0.3333333333333333,0.4591393442622951,Moderado,0.981262,0.988565,0.303581,1.0,245.721139,sensordata/home211_bathroom1956_sensor11989c11993_electric-mains_electric-combined.csv.gz,ideal-relative-v1,False
211,2018-03,train,302.928551,True,8,Casa,5,0.5765027322404371,0.15,1.0,0.4166666666666667,0.6159016393442622,Ineficiente,0.905981,0.952162,0.296831,0.83871,274.447627,sensordata/home211_bathroom1956_sensor11989c11993_electric-mains_electric-combined.csv.gz,ideal-relative-v1,False
215,2018-03,train,182.216497,True,7,Departamento,2,0.3810483870967742,0.2857142857142857,1.0,0.16666666666666666,0.4679147465437788,Moderado,0.90309,0.941463,0.276156,0.806452,164.557887,sensordata/home215_hall1998_sensor12241c12245_electric-mains_electric-combined.csv.gz,ideal-relative-v1,False
215,2018-04,train,172.43666,True,7,Departamento,2,0.3326612903225806,0.2857142857142857,1.0,0.16666666666666666,0.4388824884792627,Moderado,0.937541,0.971171,0.277856,0.9,161.666354,sensordata/home215_hall1998_sensor12241c12245_electric-mains_electric-combined.csv.gz,ideal-relative-v1,False
215,2018-06,train,155.772693,False,7,Departamento,2,0.26411290322580644,0.2857142857142857,0.0,0.16666666666666666,0.19775345622119814,Eficiente,0.931093,0.954072,0.237072,0.833333,145.038801,sensordata/home215_hall1998_sensor12241c12245_electric-mains_electric-combined.csv.gz,ideal-relative-v1,False
219,2017-11,test,423.873054,False,12,Departamento,8,0.9798387096774194,0.746031746031746,0.0,0.6666666666666666,0.7252048131080389,Ineficiente,0.98393,0.989315,0.2329,0.933333,417.061486,sensordata/home219_hall2019_sensor12535c12539_electric-mains_electric-combined.csv.gz,ideal-relative-v1,False
221,2017-11,train,168.315415,True,6,Departamento,2,0.32056451612903225,0.15873015873015872,1.0,0.16666666666666666,0.4252752176139273,Moderado,0.967993,0.985301,0.287218,0.966667,162.928153,sensordata/home221_bedroom2032_sensor12649c12653_electric-mains_electric-combined.csv.gz,ideal-relative-v1,False
224,2017-11,train,224.556378,True,11,Casa,5,0.2650273224043716,0.45,1.0,0.4166666666666667,0.44401639344262295,Moderado,0.98301,0.994451,0.254778,0.966667,220.741172,sensordata/home224_hall2069_sensor12940c12944_electric-mains_electric-combined.csv.gz,ideal-relative-v1,False
224,2018-04,train,186.748424,False,11,Casa,3,0.13387978142076504,0.45,0.0,0.25,0.14032786885245901,Eficiente,0.938662,0.973118,0.2188,0.9,175.293584,sensordata/home224_hall2069_sensor12940c12944_electric-mains_electric-combined.csv.gz,ideal-relative-v1,False
224,2018-06,train,188.768014,False,11,Casa,3,0.1448087431693989,0.45,0.0,0.25,0.14688524590163932,Eficiente,0.932252,0.947146,0.22843,0.8,175.979345,sensordata/home224_hall2069_sensor12940c12944_electric-mains_electric-combined.csv.gz,ideal-relative-v1,False
225,2017-11,train,195.119546,True,14,Departamento,1,0.4495967741935484,0.8968253968253969,1.0,0.08333333333333333,0.5270993343573989,Moderado,0.977064,0.982137,0.299021,0.9,190.644293,sensordata/home225_hall2079_sensor13027c13031_electric-mains_electric-combined.csv.gz,ideal-relative-v1,False
226,2017-11,train,191.764191,True,9,Departamento,4,0.4375,0.5,1.0,0.3333333333333333,0.5375000000000001,Moderado,0.987782,0.991664,0.307478,0.966667,189.421221,sensordata/home226_hall2089_sensor13086c13090_electric-mains_electric-combined.csv.gz,ideal-relative-v1,False
228,2018-04,train,208.813105,True,12,Departamento,3,0.5181451612903226,0.746031746031746,1.0,0.25,0.5856886840757809,Moderado,0.929137,0.967336,0.255003,0.8,194.015974,sensordata/home228_hall2105_sensor13327c13331_electric-mains_electric-combined.csv.gz,ideal-relative-v1,False
228,2018-06,train,189.35648,False,12,Departamento,3,0.4173387096774194,0.746031746031746,0.0,0.25,0.3252048131080389,Eficiente,0.932566,0.956363,0.232035,0.866667,176.58741,sensordata/home228_hall2105_sensor13327c13331_electric-mains_electric-combined.csv.gz,ideal-relative-v1,False
229,2017-11,train,535.838896,True,12,Casa,10,0.9699453551912568,0.58,1.0,0.8333333333333334,0.9359672131147542,Ineficiente,0.985562,0.980479,0.281041,0.933333,528.102515,sensordata/home229_utility2117_sensor13405c13409_electric-mains_electric-combined.csv.gz,ideal-relative-v1,False
229,2018-03,train,703.949121,True,12,Casa,11,0.9972677595628415,0.58,1.0,0.9166666666666666,0.964860655737705,Ineficiente,0.917307,0.953607,0.291423,0.806452,645.737519,sensordata/home229_utility2117_sensor13405c13409_electric-mains_electric-combined.csv.gz,ideal-relative-v1,False
229,2018-04,train,473.076038,False,12,Casa,8,0.953551912568306,0.58,0.0,0.6666666666666666,0.7011311475409836,Ineficiente,0.946147,0.977028,0.249296,0.866667,447.599652,sensordata/home229_utility2117_sensor13405c13409_electric-mains_electric-combined.csv.gz,ideal-relative-v1,False
229,2018-06,train,449.529587,False,12,Casa,8,0.9480874316939891,0.58,0.0,0.6666666666666666,0.6978524590163935,Ineficiente,0.942144,0.959373,0.216268,0.866667,423.521561,sensordata/home229_utility2117_sensor13405c13409_electric-mains_electric-combined.csv.gz,ideal-relative-v1,False
231,2018-04,train,402.897382,False,12,Casa,10,0.8989071038251366,0.58,0.0,0.8333333333333334,0.693344262295082,Ineficiente,0.945385,0.979704,0.20586,0.866667,380.893309,sensordata/home231_hall2140_sensor13536c13540_electric-mains_electric-combined.csv.gz,ideal-relative-v1,False
232,2017-11,train,329.040764,True,9,Casa,7,0.7349726775956285,0.24,1.0,0.5833333333333334,0.7404836065573771,Ineficiente,0.969305,0.935917,0.266458,0.866667,318.940914,sensordata/home232_livingroom2142_sensor13572c13576_electric-mains_electric-combined.csv.gz,ideal-relative-v1,False
232,2018-04,train,347.769732,False,9,Casa,8,0.7896174863387978,0.24,0.0,0.6666666666666666,0.5857704918032787,Moderado,0.93544,0.958505,0.194275,0.833333,325.317788,sensordata/home232_livingroom2142_sensor13572c13576_electric-mains_electric-combined.csv.gz,ideal-relative-v1,False
235,2018-04,train,172.536986,True,13,Casa,2,0.09562841530054644,0.7,1.0,0.16666666666666666,0.3173770491803279,Eficiente,0.917257,0.931613,0.283266,0.833333,158.260815,sensordata/home235_kitchen2207_sensor14140c14144_electric-mains_electric-combined.csv.gz,ideal-relative-v1,False
237,2018-03,train,144.43029,True,7,Departamento,1,0.19959677419354838,0.2857142857142857,1.0,0.08333333333333333,0.34654377880184334,Eficiente,0.90005,0.938681,0.278011,0.83871,129.994496,sensordata/home237_hall2189_sensor13992c13996_electric-mains_electric-combined.csv.gz,ideal-relative-v1,False
237,2018-04,train,130.630359,False,7,Departamento,1,0.15120967741935484,0.2857142857142857,0.0,0.08333333333333333,0.1175115207373272,Eficiente,0.922301,0.960942,0.230111,0.833333,120.480551,sensordata/home237_hall2189_sensor13992c13996_electric-mains_electric-combined.csv.gz,ideal-relative-v1,False
237,2018-06,train,126.585177,True,7,Departamento,1,0.1431451612903226,0.2857142857142857,1.0,0.08333333333333333,0.31267281105990785,Eficiente,0.916421,0.939391,0.261402,0.8,116.005304,sensordata/home237_hall2189_sensor13992c13996_electric-mains_electric-combined.csv.gz,ideal-relative-v1,False
238,2017-11,train,276.362461,False,13,Departamento,5,0.7560483870967742,0.8174603174603174,0.0,0.4166666666666667,0.5570020481310803,Moderado,0.930916,0.947606,0.240042,0.933333,257.270208,sensordata/home238_livingroom2203_sensor14058c14062_electric-mains_electric-combined.csv.gz,ideal-relative-v1,False
240,2018-06,test,134.107119,False,8,Departamento,1,0.17338709677419356,0.38095238095238093,0.0,0.08333333333333333,0.13557987711213518,Eficiente,0.91501,0.912396,0.195802,0.866667,122.709359,sensordata/home240_bedroom2228_sensor14307c14311_electric-mains_electric-combined.csv.gz,ideal-relative-v1,False
241,2018-03,train,206.309034,False,7,Departamento,2,0.5141129032258065,0.2857142857142857,0.0,0.16666666666666666,0.3477534562211982,Eficiente,0.907386,0.948217,0.200232,0.83871,187.201846,sensordata/home241_utility2235_sensor14320c14324_electric-mains_electric-combined.csv.gz,ideal-relative-v1,False
241,2018-04,train,175.324164,False,7,Departamento,2,0.3407258064516129,0.2857142857142857,0.0,0.16666666666666666,0.243721198156682,Eficiente,0.926321,0.968174,0.180172,0.8,162.406453,sensordata/home241_utility2235_sensor14320c14324_electric-mains_electric-combined.csv.gz,ideal-relative-v1,False
241,2018-06,train,183.887372,False,7,Departamento,2,0.39314516129032256,0.2857142857142857,0.0,0.16666666666666666,0.2751728110599078,Eficiente,0.927907,0.951965,0.242474,0.866667,170.630384,sensordata/home241_utility2235_sensor14320c14324_electric-mains_electric-combined.csv.gz,ideal-relative-v1,False
242,2018-03,train,297.970659,True,13,Casa,7,0.5546448087431693,0.7,1.0,0.5833333333333334,0.6552868852459017,Ineficiente,0.913398,0.95211,0.272414,0.806452,272.165807,sensordata/home242_diningroom2246_sensor14483c14487_electric-mains_electric-combined.csv.gz,ideal-relative-v1,False
242,2018-04,train,262.413385,True,13,Casa,5,0.3907103825136612,0.7,1.0,0.4166666666666667,0.5319262295081967,Moderado,0.940194,0.969715,0.279733,0.833333,246.719404,sensordata/home242_diningroom2246_sensor14483c14487_electric-mains_electric-combined.csv.gz,ideal-relative-v1,False
242,2018-06,train,226.514579,False,13,Casa,4,0.2814207650273224,0.7,0.0,0.3333333333333333,0.2538524590163934,Eficiente,0.939181,0.956039,0.246057,0.866667,212.738088,sensordata/home242_diningroom2246_sensor14483c14487_electric-mains_electric-combined.csv.gz,ideal-relative-v1,False
248,2018-04,test,170.86793,False,11,Departamento,2,0.3225806451612903,0.6825396825396826,0.0,0.16666666666666666,0.2526753712237583,Eficiente,0.938227,0.984891,0.211342,0.866667,160.31288,sensordata/home248_hall2299_sensor14827c14831_electric-mains_electric-combined.csv.gz,ideal-relative-v1,False
250,2018-03,test,219.303575,False,11,Departamento,2,0.5443548387096774,0.6825396825396826,0.0,0.16666666666666666,0.3857398873527906,Moderado,0.914209,0.95099,0.218381,0.806452,200.489283,sensordata/home250_study2316_sensor14973c14977_electric-mains_electric-combined.csv.gz,ideal-relative-v1,False
250,2018-04,test,197.844166,False,11,Departamento,1,0.4596774193548387,0.6825396825396826,0.0,0.08333333333333333,0.3224334357398873,Eficiente,0.944274,0.9751,0.205141,0.9,186.81901,sensordata/home250_study2316_sensor14973c14977_electric-mains_electric-combined.csv.gz,ideal-relative-v1,False
250,2018-06,test,199.57351,False,11,Departamento,2,0.4637096774193548,0.6825396825396826,0.0,0.16666666666666666,0.337352790578597,Eficiente,0.930239,0.952863,0.212383,0.866667,185.651024,sensordata/home250_study2316_sensor14973c14977_electric-mains_electric-combined.csv.gz,ideal-relative-v1,False
251,2018-04,train,109.31498,True,14,Departamento,1,0.09475806451612903,0.8968253968253969,1.0,0.08333333333333333,0.31419610855094726,Eficiente,0.918002,0.965868,0.318434,0.9,100.351362,sensordata/home251_hall2321_sensor15051c15055_electric-mains_electric-combined.csv.gz,ideal-relative-v1,False
251,2018-06,train,108.546329,True,14,Departamento,1,0.0907258064516129,0.8968253968253969,1.0,0.08333333333333333,0.3117767537122376,Eficiente,0.91111,0.942831,0.264156,0.866667,98.897683,sensordata/home251_hall2321_sensor15051c15055_electric-mains_electric-combined.csv.gz,ideal-relative-v1,False
252,2018-03,train,161.104364,False,12,Departamento,2,0.28024193548387094,0.746031746031746,0.0,0.16666666666666666,0.23044674859190986,Eficiente,0.906742,0.945459,0.229901,0.806452,146.080123,sensordata/home252_kitchen2337_sensor15216c15220_electric-mains_electric-combined.csv.gz,ideal-relative-v1,False
252,2018-04,train,147.643017,False,12,Departamento,1,0.22379032258064516,0.746031746031746,0.0,0.08333333333333333,0.18407578084997442,Eficiente,0.924458,0.953792,0.20821,0.8,136.489818,sensordata/home252_kitchen2337_sensor15216c15220_electric-mains_electric-combined.csv.gz,ideal-relative-v1,False
255,2018-03,train,252.234923,True,14,Departamento,4,0.6834677419354839,0.8968253968253969,1.0,0.3333333333333333,0.7049219150025603,Ineficiente,0.920308,0.957619,0.312902,0.806452,232.133739,sensordata/home255_hall2358_sensor15519c15523_electric-mains_electric-combined.csv.gz,ideal-relative-v1,False
255,2018-04,train,340.087643,False,14,Departamento,11,0.8487903225806451,0.8968253968253969,0.0,0.9166666666666666,0.691615463389657,Ineficiente,0.951348,0.983812,0.243535,0.9,323.541566,sensordata/home255_hall2358_sensor15519c15523_electric-mains_electric-combined.csv.gz,ideal-relative-v1,False
255,2018-06,train,183.569759,False,14,Departamento,1,0.38911290322580644,0.8968253968253969,0.0,0.08333333333333333,0.2908090117767537,Eficiente,0.939632,0.964174,0.234739,0.833333,172.487939,sensordata/home255_hall2358_sensor15519c15523_electric-mains_electric-combined.csv.gz,ideal-relative-v1,False
261,2018-03,train,393.296965,True,13,Casa,8,0.8825136612021858,0.7,1.0,0.6666666666666666,0.8645081967213115,Ineficiente,0.914769,0.954583,0.267479,0.806452,359.775707,sensordata/home261_hall2410_sensor15918c15924_electric-mains_electric-combined.csv.gz,ideal-relative-v1,False
261,2018-04,train,325.834958,True,13,Casa,5,0.7131147540983607,0.7,1.0,0.4166666666666667,0.7253688524590164,Ineficiente,0.948939,0.980086,0.254984,0.9,309.197639,sensordata/home261_hall2410_sensor15918c15924_electric-mains_electric-combined.csv.gz,ideal-relative-v1,False
261,2018-06,train,340.332854,True,13,Casa,6,0.773224043715847,0.7,1.0,0.5,0.7739344262295081,Ineficiente,0.940813,0.959313,0.263252,0.866667,320.189535,sensordata/home261_hall2410_sensor15918c15924_electric-mains_electric-combined.csv.gz,ideal-relative-v1,False
262,2018-03,train,197.219201,True,11,Departamento,3,0.4536290322580645,0.6825396825396826,1.0,0.25,0.5438044034818228,Moderado,0.902031,0.944711,0.335995,0.806452,177.897795,sensordata/home262_hall2404_sensor15991c16000_electric-mains_electric-combined.csv.gz,ideal-relative-v1,False
262,2018-04,train,162.055846,True,11,Departamento,2,0.2842741935483871,0.6825396825396826,1.0,0.16666666666666666,0.42969150025601643,Moderado,0.933902,0.972475,0.285516,0.9,151.34428,sensordata/home262_hall2404_sensor15991c16000_electric-mains_electric-combined.csv.gz,ideal-relative-v1,False
262,2018-06,train,141.95978,True,11,Departamento,2,0.19153225806451613,0.6825396825396826,1.0,0.16666666666666666,0.37404633896569384,Moderado,0.906359,0.928757,0.316136,0.833333,128.666496,sensordata/home262_hall2404_sensor15991c16000_electric-mains_electric-combined.csv.gz,ideal-relative-v1,False
263,2018-03,train,297.369585,True,10,Casa,6,0.5491803278688525,0.34,1.0,0.5,0.6215081967213115,Ineficiente,0.911641,0.943219,0.266661,0.806452,271.094267,sensordata/home263_hall2427_sensor16104c16108_electric-mains_electric-combined.csv.gz,ideal-relative-v1,False
263,2018-04,train,257.932361,True,10,Casa,5,0.36885245901639346,0.34,1.0,0.4166666666666667,0.5008114754098361,Moderado,0.943352,0.973979,0.256952,0.9,243.32107,sensordata/home263_hall2427_sensor16104c16108_electric-mains_electric-combined.csv.gz,ideal-relative-v1,False
264,2018-04,train,299.790057,True,13,Casa,6,0.5601092896174863,0.7,1.0,0.5,0.6460655737704918,Ineficiente,0.931852,0.961206,0.289749,0.833333,279.360036,sensordata/home264_hall2438_sensor16187c16189_electric-mains_electric-combined.csv.gz,ideal-relative-v1,False
266,2018-06,test,258.844166,False,20,Casa,3,0.37158469945355194,1.0,0.0,0.25,0.3104508196721311,Eficiente,0.940258,0.961019,0.19565,0.866667,243.380225,sensordata/home266_hall2449_sensor16248c16252_electric-mains_electric-combined.csv.gz,ideal-relative-v1,False
267,2018-06,train,245.462687,False,10,Departamento,4,0.6512096774193549,0.6190476190476191,0.0,0.3333333333333333,0.47167818740399386,Moderado,0.924253,0.949012,0.202802,0.866667,226.869646,sensordata/home267_hall2458_sensor16348c16352_electric-mains_electric-combined.csv.gz,ideal-relative-v1,False
268,2018-04,test,129.232657,False,13,Casa,1,0.01639344262295082,0.7,0.0,0.08333333333333333,0.05733606557377049,Eficiente,0.930095,0.981896,0.20308,0.866667,120.198586,sensordata/home268_hall2470_sensor16411c16415_electric-mains_electric-combined.csv.gz,ideal-relative-v1,False
268,2018-06,test,92.078389,False,13,Casa,0,0.0,0.7,0.0,0.0,0.034999999999999996,Eficiente,0.911978,0.943613,0.19197,0.866667,83.973501,sensordata/home268_hall2470_sensor16411c16415_electric-mains_electric-combined.csv.gz,ideal-relative-v1,False
271,2018-03,train,342.136838,True,12,Casa,7,0.7786885245901639,0.58,1.0,0.5833333333333334,0.7837131147540983,Ineficiente,0.909219,0.949991,0.282671,0.83871,311.077444,sensordata/home271_hall2523_sensor16781c16790_electric-mains_electric-combined.csv.gz,ideal-relative-v1,False
271,2018-04,train,314.28496,True,12,Casa,7,0.6366120218579235,0.58,1.0,0.5833333333333334,0.6984672131147542,Ineficiente,0.937209,0.97806,0.276604,0.866667,294.550847,sensordata/home271_hall2523_sensor16781c16790_electric-mains_electric-combined.csv.gz,ideal-relative-v1,False
271,2018-06,train,267.2273,True,12,Casa,6,0.412568306010929,0.58,1.0,0.5,0.5515409836065573,Moderado,0.929358,0.955118,0.27037,0.833333,248.349939,sensordata/home271_hall2523_sensor16781c16790_electric-mains_electric-combined.csv.gz,ideal-relative-v1,False
278,2018-04,train,416.177144,True,6,Departamento,7,0.9737903225806451,0.15873015873015872,1.0,0.5833333333333334,0.8797107014848949,Ineficiente,0.917806,0.961748,0.25308,0.9,381.970016,sensordata/home278_hall2569_sensor17200c17282_electric-mains_electric-combined.csv.gz,ideal-relative-v1,False
278,2018-06,train,221.615088,False,6,Departamento,3,0.5544354838709677,0.15873015873015872,0.0,0.25,0.3780977982590885,Moderado,0.900238,0.92812,0.235961,0.8,199.506332,sensordata/home278_hall2569_sensor17200c17282_electric-mains_electric-combined.csv.gz,ideal-relative-v1,False
279,2018-04,train,166.69477,False,18,Departamento,2,0.30443548387096775,0.9761904761904762,0.0,0.16666666666666666,0.25647081413210443,Eficiente,0.910259,0.948245,0.156814,0.866667,151.735394,sensordata/home279_hall2583_sensor17344c17346_electric-mains_electric-combined.csv.gz,ideal-relative-v1,False
281,2018-03,train,271.950036,False,15,Casa,3,0.4344262295081967,0.89,0.0,0.25,0.342655737704918,Eficiente,0.920902,0.95832,0.227369,0.83871,250.439365,sensordata/home281_livingroom2602_sensor17671c17675_electric-mains_electric-combined.csv.gz,ideal-relative-v1,False
281,2018-04,train,252.494401,False,15,Casa,2,0.35792349726775957,0.89,0.0,0.16666666666666666,0.28425409836065574,Eficiente,0.952321,0.984435,0.247313,0.933333,240.455815,sensordata/home281_livingroom2602_sensor17671c17675_electric-mains_electric-combined.csv.gz,ideal-relative-v1,False
281,2018-06,train,237.223506,False,15,Casa,2,0.30327868852459017,0.89,0.0,0.16666666666666666,0.25146721311475406,Eficiente,0.94588,0.965931,0.212017,0.866667,224.384882,sensordata/home281_livingroom2602_sensor17671c17675_electric-mains_electric-combined.csv.gz,ideal-relative-v1,False
283,2018-04,train,279.400713,False,15,Casa,5,0.4890710382513661,0.89,0.0,0.4166666666666667,0.4004426229508196,Moderado,0.921529,0.962169,0.227024,0.833333,257.475841,sensordata/home283_utility2622_sensor17795c17799_electric-mains_electric-combined.csv.gz,ideal-relative-v1,False
284,2018-04,train,164.1221,False,13,Departamento,1,0.2963709677419355,0.8174603174603174,0.0,0.08333333333333333,0.23119559651817717,Eficiente,0.92678,0.955836,0.210383,0.833333,152.105032,sensordata/home284_hall2629_sensor17882c17886_electric-mains_electric-combined.csv.gz,ideal-relative-v1,False
286,2018-03,test,306.224073,False,22,Departamento,5,0.8225806451612904,1.0,0.0,0.4166666666666667,0.6060483870967742,Moderado,0.912362,0.95317,0.2295,0.806452,279.387107,sensordata/home286_utility2646_sensor18084c18088_electric-mains_electric-combined.csv.gz,ideal-relative-v1,False
286,2018-04,test,287.576651,False,22,Departamento,4,0.7862903225806451,1.0,0.0,0.3333333333333333,0.5717741935483871,Moderado,0.948585,0.985113,0.191298,0.9,272.790973,sensordata/home286_utility2646_sensor18084c18088_electric-mains_electric-combined.csv.gz,ideal-relative-v1,False
287,2018-03,train,262.317022,True,12,Departamento,4,0.7076612903225806,0.746031746031746,1.0,0.3333333333333333,0.7118983614951356,Ineficiente,0.903979,0.944498,0.268187,0.83871,237.129175,sensordata/home287_bedroom2676_sensor18496c18492_electric-mains_electric-combined.csv.gz,ideal-relative-v1,False
287,2018-04,train,210.511294,False,12,Departamento,3,0.5221774193548387,0.746031746031746,0.0,0.25,0.38810803891449047,Moderado,0.931608,0.96472,0.237397,0.866667,196.114092,sensordata/home287_bedroom2676_sensor18496c18492_electric-mains_electric-combined.csv.gz,ideal-relative-v1,False
290,2018-03,test,531.623559,True,17,Casa,10,0.9672131147540983,0.97,1.0,0.8333333333333334,0.9538278688524591,Ineficiente,0.91946,0.958212,0.304037,0.806452,488.806676,sensordata/home290_other2691_sensor18644c18653_electric-mains_electric-combined.csv.gz,ideal-relative-v1,False
290,2018-04,test,447.007818,True,17,Casa,10,0.9398907103825137,0.97,1.0,0.8333333333333334,0.9374344262295082,Ineficiente,0.952551,0.988632,0.299934,0.9,425.797883,sensordata/home290_other2691_sensor18644c18653_electric-mains_electric-combined.csv.gz,ideal-relative-v1,False
290,2018-06,test,405.314862,True,17,Casa,9,0.9016393442622951,0.97,1.0,0.75,0.901983606557377,Ineficiente,0.944255,0.963,0.270197,0.866667,382.720748,sensordata/home290_other2691_sensor18644c18653_electric-mains_electric-combined.csv.gz,ideal-relative-v1,False
292,2018-04,test,169.846638,True,16,Departamento,3,0.3225806451612903,0.9523809523809523,1.0,0.25,0.4786674347158218,Moderado,0.902895,0.948914,0.271329,0.833333,153.353625,sensordata/home292_hall2662_sensor18261c18273_electric-mains_electric-combined.csv.gz,ideal-relative-v1,False
294,2018-04,train,199.977851,False,14,Departamento,3,0.46975806451612906,0.8968253968253969,0.0,0.25,0.36419610855094725,Moderado,0.923147,0.955167,0.190991,0.9,184.609029,sensordata/home294_kitchen2715_sensor18972c18976_electric-mains_electric-combined.csv.gz,ideal-relative-v1,False
294,2018-06,train,145.524565,True,14,Departamento,2,0.20766129032258066,0.8968253968253969,1.0,0.16666666666666666,0.39443804403481825,Moderado,0.905868,0.924308,0.256328,0.866667,131.826055,sensordata/home294_kitchen2715_sensor18972c18976_electric-mains_electric-combined.csv.gz,ideal-relative-v1,False
298,2018-03,test,397.988117,False,8,Casa,12,0.8907103825136612,0.15,0.0,1.0,0.6919262295081967,Ineficiente,0.912065,0.94817,0.19427,0.83871,362.991112,sensordata/home298_livingroom2740_sensor19204c19208_electric-mains_electric-combined.csv.gz,ideal-relative-v1,False
298,2018-04,test,311.071201,False,8,Casa,7,0.6229508196721312,0.15,0.0,0.5833333333333334,0.46877049180327873,Moderado,0.944252,0.97266,0.211733,0.866667,293.729701,sensordata/home298_livingroom2740_sensor19204c19208_electric-mains_electric-combined.csv.gz,ideal-relative-v1,False
298,2018-06,test,212.595883,True,8,Casa,2,0.21311475409836064,0.15,1.0,0.16666666666666666,0.36036885245901645,Eficiente,0.932233,0.95465,0.296483,0.833333,198.188985,sensordata/home298_livingroom2740_sensor19204c19208_electric-mains_electric-combined.csv.gz,ideal-relative-v1,False
299,2018-04,test,119.705175,False,16,Casa,1,0.01092896174863388,0.95,0.0,0.08333333333333333,0.06655737704918033,Eficiente,0.918764,0.965405,0.211173,0.866667,109.980746,sensordata/home299_outside2753_sensor19275c19280_electric-mains_electric-combined.csv.gz,ideal-relative-v1,False
299,2018-06,test,109.428501,False,16,Casa,1,0.00546448087431694,0.95,0.0,0.08333333333333333,0.06327868852459016,Eficiente,0.911978,0.935058,0.219715,0.833333,99.796429,sensordata/home299_outside2753_sensor19275c19280_electric-mains_electric-combined.csv.gz,ideal-relative-v1,False
300,2018-03,test,169.944448,True,12,Departamento,1,0.3225806451612903,0.746031746031746,1.0,0.08333333333333333,0.4433499743983615,Moderado,0.904125,0.941655,0.30527,0.83871,153.651052,sensordata/home300_cupboard2764_sensor19362c19364_electric-mains_electric-combined.csv.gz,ideal-relative-v1,False
300,2018-04,test,141.863381,True,12,Departamento,1,0.18951612903225806,0.746031746031746,1.0,0.08333333333333333,0.36351126472094214,Moderado,0.932371,0.971317,0.273472,0.9,132.269323,sensordata/home300_cupboard2764_sensor19362c19364_electric-mains_electric-combined.csv.gz,ideal-relative-v1,False
304,2018-06,train,428.680887,False,9,Departamento,11,0.9818548387096774,0.5,0.0,0.9166666666666666,0.7516129032258064,Ineficiente,0.931889,0.955539,0.240704,0.8,399.482955,sensordata/home304_bedroom2794_sensor19657c19661_electric-mains_electric-combined.csv.gz,ideal-relative-v1,False
305,2018-04,train,244.720712,True,11,Casa,5,0.33060109289617484,0.45,1.0,0.4166666666666667,0.4833606557377049,Moderado,0.948883,0.986065,0.266214,0.9,232.211348,sensordata/home305_hall2801_sensor19723c19727_electric-mains_electric-combined.csv.gz,ideal-relative-v1,False
305,2018-06,train,210.594086,True,11,Casa,3,0.19398907103825136,0.45,1.0,0.25,0.3763934426229508,Moderado,0.943181,0.9635,0.285725,0.866667,198.628409,sensordata/home305_hall2801_sensor19723c19727_electric-mains_electric-combined.csv.gz,ideal-relative-v1,False
307,2018-06,test,350.942981,False,13,Casa,7,0.8087431693989071,0.7,0.0,0.5833333333333334,0.6077459016393443,Moderado,0.927377,0.945822,0.241459,0.866667,325.456559,sensordata/home307_hall2818_sensor19842c19844_electric-mains_electric-combined.csv.gz,ideal-relative-v1,False
310,2018-04,train,173.947989,True,13,Departamento,3,0.33669354838709675,0.8174603174603174,1.0,0.25,0.4803891449052739,Moderado,0.939277,0.974153,0.369233,0.9,163.385279,sensordata/home310_bedroom2845_sensor20053c20057_electric-mains_electric-combined.csv.gz,ideal-relative-v1,False
311,2018-04,test,162.543879,False,16,Departamento,2,0.2862903225806452,0.9523809523809523,0.0,0.16666666666666666,0.24439324116743472,Eficiente,0.924482,0.966264,0.225479,0.8,150.268932,sensordata/home311_hall2851_sensor20141c20143_electric-mains_electric-combined.csv.gz,ideal-relative-v1,False
315,2018-04,train,218.279887,False,13,Casa,3,0.226775956284153,0.7,0.0,0.25,0.2085655737704918,Eficiente,0.912445,0.94984,0.187468,0.833333,199.168439,sensordata/home315_hall2869_sensor20231c20235_electric-mains_electric-combined.csv.gz,ideal-relative-v1,False
316,2018-04,train,438.316375,False,13,Casa,10,0.9207650273224044,0.7,0.0,0.8333333333333334,0.7124590163934427,Ineficiente,0.94459,0.977852,0.244641,0.866667,414.029386,sensordata/home316_hall2880_sensor20373c20377_electric-mains_electric-combined.csv.gz,ideal-relative-v1,False
316,2018-06,train,385.146649,False,13,Casa,9,0.8661202185792349,0.7,0.0,0.75,0.667172131147541,Ineficiente,0.935449,0.946472,0.228456,0.8,360.284927,sensordata/home316_hall2880_sensor20373c20377_electric-mains_electric-combined.csv.gz,ideal-relative-v1,False
318,2018-04,train,268.843671,True,9,Casa,4,0.42349726775956287,0.24,1.0,0.3333333333333333,0.5160983606557378,Moderado,0.947138,0.986231,0.261889,0.9,254.631985,sensordata/home318_kitchen2898_sensor20466c20478_electric-mains_electric-combined.csv.gz,ideal-relative-v1,False
318,2018-06,train,271.086466,False,9,Casa,4,0.42896174863387976,0.24,0.0,0.3333333333333333,0.31937704918032783,Eficiente,0.940823,0.965178,0.241289,0.866667,255.044255,sensordata/home318_kitchen2898_sensor20466c20478_electric-mains_electric-combined.csv.gz,ideal-relative-v1,False
319,2018-04,train,156.029159,False,10,Departamento,2,0.26814516129032256,0.6190476190476191,0.0,0.16666666666666666,0.21683947772657447,Eficiente,0.932665,0.963847,0.13276,0.866667,145.522954,sensordata/home319_hall2900_sensor20503c20507_electric-mains_electric-combined.csv.gz,ideal-relative-v1,False
321,2018-04,train,250.037068,True,8,Departamento,6,0.6713709677419355,0.38095238095238093,1.0,0.5,0.6968701996927803,Ineficiente,0.944286,0.977257,0.289725,0.9,236.106473,sensordata/home321_hall2923_sensor20893c20897_electric-mains_electric-combined.csv.gz,ideal-relative-v1,False
323,2018-04,train,166.94827,False,11,Departamento,1,0.3125,0.6825396825396826,0.0,0.08333333333333333,0.23412698412698413,Eficiente,0.900645,0.928113,0.20433,0.8,150.361135,sensordata/home323_hall2929_sensor20921c20925_electric-mains_electric-combined.csv.gz,ideal-relative-v1,False
323,2018-06,train,139.93839,False,11,Departamento,0,0.18346774193548387,0.6825396825396826,0.0,0.0,0.14420762928827446,Eficiente,0.927981,0.938512,0.183984,0.866667,129.860126,sensordata/home323_hall2929_sensor20921c20925_electric-mains_electric-combined.csv.gz,ideal-relative-v1,False
325,2018-04,train,321.220218,False,14,Casa,6,0.6857923497267759,0.8,0.0,0.5,0.5264754098360656,Moderado,0.933538,0.944588,0.1989,0.866667,299.871342,sensordata/home325_other2956_sensor21090c21094_electric-mains_electric-combined.csv.gz,ideal-relative-v1,False
328,2018-06,train,117.226043,False,12,Departamento,1,0.11088709677419355,0.746031746031746,0.0,0.08333333333333333,0.11633384536610342,Eficiente,0.916249,0.933169,0.232091,0.833333,107.408226,sensordata/home328_hall2976_sensor21287c21291_electric-mains_electric-combined.csv.gz,ideal-relative-v1,False
331,2018-06,train,132.223757,False,11,Casa,1,0.01912568306010929,0.45,0.0,0.08333333333333333,0.04647540983606557,Eficiente,0.904727,0.931215,0.218137,0.866667,119.626383,sensordata/home331_hall2999_sensor21563c21567_electric-mains_electric-combined.csv.gz,ideal-relative-v1,False
333,2018-06,train,124.356743,False,6,Departamento,2,0.12701612903225806,0.15873015873015872,0.0,0.16666666666666666,0.10914618535586276,Eficiente,0.915288,0.933361,0.167035,0.866667,113.822259,sensordata/home333_hall3015_sensor21748c21765_electric-mains_electric-combined.csv.gz,ideal-relative-v1,False
335,2018-06,train,258.874568,True,15,Casa,6,0.3743169398907104,0.89,1.0,0.5,0.5440901639344263,Moderado,0.931207,0.959757,0.297094,0.866667,241.065755,sensordata/home335_hall3034_sensor21969c21974_electric-mains_electric-combined.csv.gz,ideal-relative-v1,False
